model,accuracy,precision,recall,f1
Naive Bayes,0.91875,0.9221035945842868,0.91875,0.917739448051948
SVM,0.925,0.9252517998306041,0.925,0.9246438256482185
