task_id,title,description,category,priority,assignee,created_date,deadline,estimated_hours
1,"When possible, configure auto-scaling fo","When possible, configure auto-scaling for user profile during peak checkout",DevOps,Medium,sneha,2025-02-14,2025-02-27,7.2
2,Whenever convenient — login fails with e,Whenever convenient — login fails with error 500 after checkout attempts,Bug,Low,sneha,2025-08-03,2025-08-23,4.5
3,Optimize database query for notification,Optimize database query for notifications table,Backend,Medium,arjun,2025-06-22,2025-07-01,4.1
4,Low priority — improve accessibility of ,Low priority — improve accessibility of search form fields,UI/UX,Low,vikram,2025-07-13,2025-08-01,4.1
5,"When possible, docs missing for search c","When possible, docs missing for search configuration under monthly",Documentation,Medium,priya,2025-05-29,2025-06-07,13.9
6,Low priority — increase test coverage fo,Low priority — increase test coverage for auth edge cases,Testing,Low,neha,2025-02-06,2025-03-01,8.6
7,Implement export to CSV for admin report,Implement export to CSV for admin reports,Feature Request,Medium,neha,2025-10-13,2025-10-23,3.4
8,Update API docs for the notifications en,Update API docs for the notifications endpoint,Feature Request,Medium,sneha,2025-04-19,2025-05-01,7.4
9,Time-sensitive — configure auto-scaling ,Time-sensitive — configure auto-scaling for user profile during peak checkout,DevOps,High,vikram,2025-04-23,2025-04-28,6.0
10,Whenever convenient — redesign the payme,Whenever convenient — redesign the payment dashboard for better readability,UI/UX,Low,sneha,2025-02-02,2025-02-24,0.6
11,Server-side reporting logic fails under ,Server-side reporting logic fails under multiple,Backend,Urgent,neha,2025-10-02,2025-10-05,2.0
12,Need to fix the problem explaining admin,Need to fix the problem explaining admin setup,Documentation,Low,vikram,2025-09-14,2025-10-04,6.3
13,Critical — memory leak detected in auth ,Critical — memory leak detected in auth module during monthly,Bug,Urgent,vikram,2025-09-29,2025-09-30,13.1
14,Whenever convenient — update API docs fo,Whenever convenient — update API docs for the notifications endpoint,Documentation,Low,arjun,2025-02-13,2025-03-07,4.2
15,"When possible, fix flaky integration tes","When possible, fix flaky integration test in auth during checkout",Testing,Medium,vikram,2025-08-05,2025-08-15,3.2
16,Please prioritize — fix flaky integratio,Please prioritize — fix flaky integration test in search during signup,Testing,High,priya,2025-08-20,2025-08-24,5.4
17,Low priority — add dark mode support to ,Low priority — add dark mode support to the reporting page,Feature Request,Low,arjun,2025-01-31,2025-02-20,3.0
18,Critical — application crashes when mobi,Critical — application crashes when mobile is clicked on the user profile page,Bug,Urgent,sneha,2025-10-20,2025-10-25,4.0
19,Please prioritize — add notification sys,Please prioritize — add notification system for checkout events,Feature Request,High,arjun,2025-01-28,2025-02-01,4.9
20,Please prioritize — redesign the user pr,Please prioritize — redesign the user profile dashboard for better readability,UI/UX,High,arjun,2025-08-25,2025-08-30,1.9
21,Visual inconsistency on payment during s,Visual inconsistency on payment during submit button,UI/UX,High,sneha,2025-03-27,2025-04-03,8.9
22,Please investigate the issue layout for ,Please investigate the issue layout for user profile,UI/UX,Low,sneha,2025-08-21,2025-09-11,1.6
23,Critical — deployment task affecting aut,Critical — deployment task affecting auth during signup,DevOps,Urgent,arjun,2025-10-24,2025-10-29,1.4
24,Set up CI/CD pipeline for admin service,Set up CI/CD pipeline for admin service,DevOps,Medium,vikram,2025-04-06,2025-04-15,5.8
25,Time-sensitive — login fails with error ,Time-sensitive — login fails with error 500 after peak load attempts,Bug,High,vikram,2025-10-26,2025-11-03,8.4
26,High priority: write onboarding guide fo,High priority: write onboarding guide for auth module,Documentation,High,rohan,2025-06-03,2025-06-10,5.7
27,Blocking release — write unit tests for ,Blocking release — write unit tests for reporting module,Testing,Urgent,priya,2025-06-28,2025-06-29,4.6
28,Need to resolve the request explaining r,Need to resolve the request explaining reporting setup,Documentation,Low,neha,2025-09-28,2025-10-17,3.9
29,Write unit tests for search module,Write unit tests for search module,Testing,Medium,priya,2025-05-25,2025-06-07,3.4
30,"When possible, configure auto-scaling fo","When possible, configure auto-scaling for admin during peak mobile",DevOps,Medium,arjun,2025-05-22,2025-05-31,10.3
31,Document deployment steps for checkout e,Document deployment steps for checkout environment,Documentation,Medium,neha,2025-02-27,2025-03-08,6.4
32,Allow users to filter reporting by mobil,Allow users to filter reporting by mobile,Feature Request,Medium,priya,2025-01-21,2025-02-01,3.7
33,Set up CI/CD pipeline for notifications ,Set up CI/CD pipeline for notifications service,DevOps,Medium,priya,2025-05-02,2025-05-12,2.8
34,Whenever convenient — improve accessibil,Whenever convenient — improve accessibility of admin form fields,UI/UX,Low,priya,2025-01-20,2025-02-11,7.8
35,High priority: add notification system f,High priority: add notification system for multiple events,Feature Request,High,rohan,2025-05-23,2025-05-27,10.2
36,Need to handle the issue explaining noti,Need to handle the issue explaining notifications setup,Documentation,Medium,arjun,2025-05-16,2025-05-25,9.5
37,Add caching layer to reporting API,Add caching layer to reporting API,Backend,Medium,arjun,2025-01-23,2025-02-04,2.4
38,Blocking release — server-side auth logi,Blocking release — server-side auth logic fails under signup,Backend,Urgent,vikram,2025-03-05,2025-03-08,3.9
39,Document deployment steps for peak load ,Document deployment steps for peak load environment,Documentation,Medium,vikram,2025-07-14,2025-07-24,3.4
40,"When possible, server-side payment logic","When possible, server-side payment logic fails under monthly",Backend,Medium,sneha,2025-06-14,2025-06-26,4.3
41,"When possible, visual inconsistency on n","When possible, visual inconsistency on notifications during peak load",UI/UX,Medium,priya,2025-06-21,2025-06-30,8.9
42,Fix broken deployment on checkout server,Fix broken deployment on checkout server,DevOps,Medium,sneha,2025-02-07,2025-02-19,12.3
43,High priority: please review the task re,High priority: please review the task related to admin infrastructure,DevOps,High,priya,2025-02-24,2025-03-03,6.5
44,High priority: requesting new option for,High priority: requesting new option for admin during mobile,Feature Request,High,vikram,2025-08-26,2025-09-03,2.9
45,Need to investigate the case affecting n,Need to investigate the case affecting notifications performance,Backend,Medium,sneha,2025-03-23,2025-04-04,4.9
46,Document deployment steps for monthly en,Document deployment steps for monthly environment,Feature Request,Medium,rohan,2025-05-01,2025-05-12,13.8
47,Time-sensitive — update API docs for the,Time-sensitive — update API docs for the user profile endpoint,Documentation,High,rohan,2025-08-01,2025-08-08,5.3
48,Optimize database query for notification,Optimize database query for notifications table,Backend,Medium,sneha,2025-01-11,2025-01-24,3.9
49,Improve accessibility of notifications f,Improve accessibility of notifications form fields,UI/UX,Low,vikram,2025-10-03,2025-10-26,4.2
50,"When possible, allow users to filter adm","When possible, allow users to filter admin by peak load",Feature Request,Medium,priya,2025-03-26,2025-04-07,6.5
51,High priority: need to fix the issue aff,High priority: need to fix the issue affecting reporting performance,Backend,High,rohan,2025-04-04,2025-04-08,2.5
52,Please investigate the item layout for s,Please investigate the item layout for search,UI/UX,Medium,sneha,2025-05-10,2025-05-19,3.3
53,Application crashes when multiple is cli,Application crashes when multiple is clicked on the user profile page,Testing,High,arjun,2025-05-07,2025-05-12,9.4
54,Refactor auth service to reduce latency ,Refactor auth service to reduce latency during peak load,Backend,Medium,priya,2025-05-12,2025-05-23,6.4
55,High priority: optimize database query f,High priority: optimize database query for notifications table,Backend,High,sneha,2025-10-22,2025-10-29,5.4
56,Deployment issue affecting notifications,Deployment issue affecting notifications during signup,DevOps,Medium,arjun,2025-03-03,2025-03-16,9.8
57,Document deployment steps for submit but,Document deployment steps for submit button environment,Documentation,Medium,rohan,2025-02-24,2025-03-08,2.7
58,Please investigate the task related to u,Please investigate the task related to user profile infrastructure,DevOps,Urgent,vikram,2025-05-19,2025-05-24,3.8
59,Need to resolve the item around auth tes,Need to resolve the item around auth test failures,Testing,Medium,sneha,2025-02-14,2025-02-25,6.2
60,Please prioritize — please investigate t,Please prioritize — please investigate the item to support auth customization,Feature Request,High,rohan,2025-04-19,2025-04-25,6.1
61,Docs missing for search configuration un,Docs missing for search configuration under signup,Documentation,Low,vikram,2025-07-28,2025-08-19,1.3
62,Need to address the ticket around auth t,Need to address the ticket around auth test failures,Testing,Medium,neha,2025-04-24,2025-05-06,3.5
63,Please handle the ticket to support admi,Please handle the ticket to support admin customization,Feature Request,Medium,rohan,2025-06-30,2025-07-12,4.4
64,Update API docs for the user profile end,Update API docs for the user profile endpoint,Documentation,Low,priya,2025-04-05,2025-04-25,6.7
65,Deployment issue affecting reporting dur,Deployment issue affecting reporting during monthly,DevOps,High,rohan,2025-07-04,2025-07-09,6.1
66,High priority: login fails with error 50,High priority: login fails with error 500 after multiple attempts,Bug,High,arjun,2025-09-09,2025-09-13,4.7
67,Need to check the issue affecting search,Need to check the issue affecting search performance,Backend,Medium,sneha,2025-02-03,2025-02-15,0.6
68,Please prioritize — unexpected behavior ,Please prioritize — unexpected behavior in user profile when using submit button,Bug,High,vikram,2025-05-08,2025-05-12,4.9
69,QA found case in reporting during monthl,QA found case in reporting during monthly,Testing,Medium,sneha,2025-06-02,2025-06-15,5.2
70,Update API docs for the auth endpoint,Update API docs for the auth endpoint,Documentation,Medium,priya,2025-02-11,2025-02-21,21.9
71,Implement export to CSV for admin report,Implement export to CSV for admin reports,UI/UX,Medium,arjun,2025-05-25,2025-06-06,4.3
72,Configure auto-scaling for notifications,Configure auto-scaling for notifications during peak monthly,DevOps,Medium,arjun,2025-05-17,2025-05-27,6.3
73,"When possible, memory leak detected in a","When possible, memory leak detected in auth module during mobile",Bug,Medium,vikram,2025-07-26,2025-08-06,10.9
74,Optimize database query for payment tabl,Optimize database query for payment table,DevOps,Medium,arjun,2025-10-22,2025-11-04,8.5
75,Please prioritize — increase test covera,Please prioritize — increase test coverage for payment edge cases,Testing,High,sneha,2025-04-03,2025-04-11,12.6
76,URGENT: set up CI/CD pipeline for search,URGENT: set up CI/CD pipeline for search service,DevOps,Urgent,neha,2025-06-18,2025-06-22,1.3
77,Please fix the ticket layout for notific,Please fix the ticket layout for notifications,UI/UX,Medium,arjun,2025-07-26,2025-08-08,2.1
78,ASAP — please review the request related,ASAP — please review the request related to payment infrastructure,DevOps,Urgent,rohan,2025-01-27,2025-01-29,3.1
79,Whenever convenient — add caching layer ,Whenever convenient — add caching layer to auth API,Backend,Low,rohan,2025-05-03,2025-05-23,1.1
80,Need to update the ticket affecting user,Need to update the ticket affecting user profile performance,Backend,Low,neha,2025-03-20,2025-04-11,5.3
81,"When possible, document deployment steps","When possible, document deployment steps for peak load environment",Documentation,Medium,vikram,2025-04-08,2025-04-21,2.2
82,Set up CI/CD pipeline for notifications ,Set up CI/CD pipeline for notifications service,DevOps,Urgent,neha,2025-01-02,2025-01-05,13.7
83,Docs missing for admin configuration und,Docs missing for admin configuration under signup,Documentation,Medium,sneha,2025-10-06,2025-10-18,2.5
84,Write onboarding guide for admin module,Write onboarding guide for admin module,Feature Request,High,neha,2025-07-15,2025-07-22,3.9
85,Fix flaky integration test in payment du,Fix flaky integration test in payment during peak load,Testing,High,arjun,2025-02-21,2025-02-28,8.9
86,Critical — optimize database query for u,Critical — optimize database query for user profile table,Bug,Urgent,neha,2025-06-23,2025-06-28,1.6
87,Improve accessibility of auth form field,Improve accessibility of auth form fields,UI/UX,Medium,arjun,2025-01-19,2025-02-01,1.0
88,Allow users to filter auth by checkout,Allow users to filter auth by checkout,Feature Request,Medium,priya,2025-02-21,2025-03-05,5.7
89,Set up CI/CD pipeline for search service,Set up CI/CD pipeline for search service,DevOps,Medium,vikram,2025-09-29,2025-10-11,6.1
90,ASAP — fix broken deployment on checkout,ASAP — fix broken deployment on checkout server,DevOps,Urgent,sneha,2025-03-15,2025-03-17,8.7
91,Configure auto-scaling for payment durin,Configure auto-scaling for payment during peak signup,Testing,Medium,neha,2025-10-28,2025-11-08,7.3
92,Please review the ticket layout for sear,Please review the ticket layout for search,UI/UX,Medium,rohan,2025-07-15,2025-07-28,6.2
93,"When possible, add caching layer to noti","When possible, add caching layer to notifications API",Backend,Medium,neha,2025-01-26,2025-02-08,2.8
94,Improve accessibility of notifications f,Improve accessibility of notifications form fields,UI/UX,High,rohan,2025-04-08,2025-04-16,6.0
95,Fix broken deployment on signup server,Fix broken deployment on signup server,Testing,Urgent,rohan,2025-03-09,2025-03-10,6.2
96,Write onboarding guide for user profile ,Write onboarding guide for user profile module,Documentation,Medium,rohan,2025-05-12,2025-05-24,2.7
97,Set up CI/CD pipeline for payment servic,Set up CI/CD pipeline for payment service,DevOps,Urgent,rohan,2025-07-23,2025-07-28,16.3
98,Blocking release — application crashes w,Blocking release — application crashes when multiple is clicked on the reporting page,Bug,Urgent,neha,2025-07-10,2025-07-11,7.1
99,Please review the problem to support sea,Please review the problem to support search customization,Feature Request,Medium,arjun,2025-06-04,2025-06-16,2.1
100,Whenever convenient — add dark mode supp,Whenever convenient — add dark mode support to the admin page,Feature Request,Low,neha,2025-08-21,2025-09-11,8.7
101,Please prioritize — deployment ticket af,Please prioritize — deployment ticket affecting reporting during peak load,DevOps,High,neha,2025-05-24,2025-05-28,9.7
102,Need to handle the issue explaining noti,Need to handle the issue explaining notifications setup,Documentation,Low,sneha,2025-07-03,2025-07-22,6.8
103,Whenever convenient — update API docs fo,Whenever convenient — update API docs for the notifications endpoint,Documentation,Low,rohan,2025-01-11,2025-01-30,4.1
104,Critical — please review the request to ,Critical — please review the request to support payment customization,Feature Request,Urgent,arjun,2025-03-17,2025-03-22,2.6
105,Time-sensitive — write onboarding guide ,Time-sensitive — write onboarding guide for reporting module,Documentation,High,rohan,2025-03-09,2025-03-13,4.7
106,Time-sensitive — qA found item in paymen,Time-sensitive — qA found item in payment during multiple,Testing,High,sneha,2025-02-28,2025-03-04,6.4
107,Time-sensitive — visual inconsistency on,Time-sensitive — visual inconsistency on payment during mobile,Feature Request,High,arjun,2025-08-23,2025-08-27,5.1
108,Please address the problem layout for pa,Please address the problem layout for payment,Feature Request,High,priya,2025-06-14,2025-06-22,13.0
109,Need to handle the ticket where reportin,Need to handle the ticket where reporting breaks under signup,Bug,Medium,vikram,2025-08-21,2025-09-03,7.8
110,Low priority — redesign the auth dashboa,Low priority — redesign the auth dashboard for better readability,UI/UX,Low,sneha,2025-08-21,2025-09-12,2.4
111,Please resolve the item related to auth ,Please resolve the item related to auth infrastructure,DevOps,Low,arjun,2025-08-31,2025-09-19,1.9
112,Low priority — need to handle the case a,Low priority — need to handle the case around auth test failures,Testing,Low,rohan,2025-10-15,2025-11-07,7.1
113,Configure auto-scaling for auth during p,Configure auto-scaling for auth during peak monthly,Testing,Medium,arjun,2025-06-09,2025-06-20,4.2
114,Time-sensitive — refactor admin service ,Time-sensitive — refactor admin service to reduce latency during signup,Backend,High,priya,2025-05-23,2025-05-31,8.3
115,QA found request in notifications during,QA found request in notifications during monthly,Testing,Medium,priya,2025-05-17,2025-05-26,7.1
116,Document deployment steps for multiple e,Document deployment steps for multiple environment,Documentation,Medium,priya,2025-07-25,2025-08-03,4.7
117,Please prioritize — set up CI/CD pipelin,Please prioritize — set up CI/CD pipeline for auth service,DevOps,High,vikram,2025-06-09,2025-06-15,2.4
118,"No rush, but optimize database query for","No rush, but optimize database query for user profile table",Backend,Low,sneha,2025-09-06,2025-09-29,1.1
119,"When possible, visual inconsistency on s","When possible, visual inconsistency on search during submit button",UI/UX,Medium,arjun,2025-09-27,2025-10-08,5.9
120,Please review the item to support paymen,Please review the item to support payment customization,Feature Request,Medium,rohan,2025-05-11,2025-05-22,1.6
121,Low priority — unexpected behavior in us,Low priority — unexpected behavior in user profile when using peak load,Bug,Low,sneha,2025-07-01,2025-07-20,2.3
122,Please prioritize — need to update the c,Please prioritize — need to update the case around admin test failures,Testing,High,arjun,2025-08-02,2025-08-08,5.6
123,"No rush, but improve accessibility of no","No rush, but improve accessibility of notifications form fields",UI/UX,Low,sneha,2025-02-24,2025-03-16,5.2
124,Optimize database query for notification,Optimize database query for notifications table,Backend,Medium,neha,2025-02-09,2025-02-22,1.8
125,Login fails with error 500 after monthly,Login fails with error 500 after monthly attempts,Bug,High,arjun,2025-03-17,2025-03-22,10.5
126,Implement export to CSV for user profile,Implement export to CSV for user profile reports,Feature Request,Low,vikram,2025-08-26,2025-09-18,10.3
127,Visual inconsistency on auth during sign,Visual inconsistency on auth during signup,UI/UX,Medium,sneha,2025-08-14,2025-08-23,7.3
128,Improve accessibility of payment form fi,Improve accessibility of payment form fields,UI/UX,Medium,rohan,2025-01-30,2025-02-10,7.3
129,Time-sensitive — users report reporting ,Time-sensitive — users report reporting stops responding during submit button,Bug,High,neha,2025-08-19,2025-08-27,7.3
130,Add notification system for mobile event,Add notification system for mobile events,Feature Request,Medium,neha,2025-02-13,2025-02-26,9.7
131,"No rush, but requesting new option for a","No rush, but requesting new option for admin during peak load",Feature Request,Low,arjun,2025-06-23,2025-07-16,8.0
132,Please prioritize — increase test covera,Please prioritize — increase test coverage for search edge cases,Testing,High,arjun,2025-03-18,2025-03-24,2.6
133,High priority: add caching layer to auth,High priority: add caching layer to auth API,Backend,High,priya,2025-07-12,2025-07-18,4.1
134,Blocking release — deployment request af,Blocking release — deployment request affecting auth during submit button,DevOps,Urgent,sneha,2025-04-20,2025-04-23,20.4
135,Implement export to CSV for payment repo,Implement export to CSV for payment reports,Feature Request,Low,arjun,2025-10-04,2025-10-27,0.7
136,"When possible, deployment task affecting","When possible, deployment task affecting reporting during checkout",DevOps,Medium,arjun,2025-03-26,2025-04-07,3.4
137,Fix alignment issue on reporting page fo,Fix alignment issue on reporting page for peak load screen size,UI/UX,Medium,rohan,2025-10-01,2025-10-11,10.5
138,Fix flaky integration test in auth durin,Fix flaky integration test in auth during multiple,Testing,High,sneha,2025-09-15,2025-09-23,2.7
139,Please prioritize — please resolve the i,Please prioritize — please resolve the issue to support notifications customization,Feature Request,High,arjun,2025-02-22,2025-03-02,8.1
140,Low priority — write onboarding guide fo,Low priority — write onboarding guide for admin module,Documentation,Low,sneha,2025-06-28,2025-07-17,5.2
141,Please prioritize — memory leak detected,Please prioritize — memory leak detected in admin module during checkout,Bug,High,priya,2025-06-21,2025-06-26,2.9
142,Users report auth stops responding durin,Users report auth stops responding during peak load,Bug,Medium,arjun,2025-01-03,2025-01-12,0.5
143,Write onboarding guide for auth module,Write onboarding guide for auth module,Documentation,Low,priya,2025-03-04,2025-03-23,5.8
144,Visual inconsistency on payment during p,Visual inconsistency on payment during peak load,UI/UX,Medium,vikram,2025-01-09,2025-01-22,2.5
145,Allow users to filter payment by peak lo,Allow users to filter payment by peak load,Feature Request,Medium,rohan,2025-02-13,2025-02-26,4.6
146,Need to fix the ticket where notificatio,Need to fix the ticket where notifications breaks under mobile,Testing,Urgent,neha,2025-07-11,2025-07-14,7.2
147,Please prioritize — application crashes ,Please prioritize — application crashes when multiple is clicked on the user profile page,Bug,High,rohan,2025-06-30,2025-07-08,9.2
148,Time-sensitive — need to check the case ,Time-sensitive — need to check the case around admin test failures,Testing,High,rohan,2025-08-23,2025-08-27,3.4
149,Whenever convenient — implement export t,Whenever convenient — implement export to CSV for search reports,Feature Request,Low,rohan,2025-01-19,2025-02-08,2.9
150,Please prioritize — update API docs for ,Please prioritize — update API docs for the auth endpoint,Documentation,High,sneha,2025-07-24,2025-07-31,1.5
151,URGENT: need to handle the case explaini,URGENT: need to handle the case explaining admin setup,Documentation,Urgent,vikram,2025-02-10,2025-02-14,9.5
152,"No rush, but increase test coverage for ","No rush, but increase test coverage for payment edge cases",Testing,Low,neha,2025-08-07,2025-08-27,18.5
153,Redesign the notifications dashboard for,Redesign the notifications dashboard for better readability,UI/UX,Medium,neha,2025-01-30,2025-02-08,10.2
154,Time-sensitive — deployment issue affect,Time-sensitive — deployment issue affecting auth during monthly,DevOps,High,priya,2025-08-13,2025-08-17,11.7
155,Unexpected behavior in search when using,Unexpected behavior in search when using multiple,Bug,Medium,sneha,2025-07-09,2025-07-20,2.7
156,Low priority — fix flaky integration tes,Low priority — fix flaky integration test in search during mobile,Testing,Low,sneha,2025-01-14,2025-02-03,6.9
157,"When possible, server-side search logic ","When possible, server-side search logic fails under submit button",Backend,Medium,arjun,2025-09-09,2025-09-19,8.6
158,Add notification system for checkout eve,Add notification system for checkout events,Feature Request,High,neha,2025-06-13,2025-06-19,2.0
159,Memory leak detected in notifications mo,Memory leak detected in notifications module during multiple,Bug,High,vikram,2025-03-31,2025-04-06,14.4
160,"No rush, but implement export to CSV for","No rush, but implement export to CSV for user profile reports",Feature Request,Low,vikram,2025-07-08,2025-07-30,1.3
161,Add dark mode support to the search page,Add dark mode support to the search page,Feature Request,Medium,arjun,2025-07-29,2025-08-11,12.9
162,Critical — requesting new option for adm,Critical — requesting new option for admin during submit button,Feature Request,Urgent,priya,2025-10-10,2025-10-15,1.2
163,Critical — need to fix the case around n,Critical — need to fix the case around notifications test failures,Testing,Urgent,neha,2025-03-24,2025-03-27,2.1
164,"When possible, please update the item to","When possible, please update the item to support notifications customization",Feature Request,Medium,vikram,2025-06-05,2025-06-18,7.0
165,Time-sensitive — login fails with error ,Time-sensitive — login fails with error 500 after mobile attempts,Bug,High,arjun,2025-06-22,2025-06-30,5.3
166,Time-sensitive — write unit tests for au,Time-sensitive — write unit tests for auth module,Testing,High,neha,2025-01-16,2025-01-23,3.7
167,"When possible, add caching layer to user","When possible, add caching layer to user profile API",Bug,Medium,sneha,2025-08-01,2025-08-13,14.0
168,Implement export to CSV for notification,Implement export to CSV for notifications reports,Feature Request,Medium,rohan,2025-07-24,2025-08-03,1.6
169,High priority: add caching layer to admi,High priority: add caching layer to admin API,Backend,High,vikram,2025-05-29,2025-06-05,4.4
170,Fix alignment issue on search page for m,Fix alignment issue on search page for monthly screen size,UI/UX,Low,sneha,2025-09-21,2025-10-13,7.6
171,"No rush, but update API docs for the rep","No rush, but update API docs for the reporting endpoint",Feature Request,Low,neha,2025-09-11,2025-10-04,6.2
172,Please prioritize — deployment ticket af,Please prioritize — deployment ticket affecting notifications during submit button,DevOps,High,arjun,2025-07-26,2025-08-01,3.0
173,"No rush, but visual inconsistency on sea","No rush, but visual inconsistency on search during checkout",UI/UX,Low,neha,2025-05-24,2025-06-16,3.0
174,Optimize database query for search table,Optimize database query for search table,Backend,Low,vikram,2025-04-12,2025-05-05,9.1
175,Redesign the user profile dashboard for ,Redesign the user profile dashboard for better readability,UI/UX,Medium,rohan,2025-09-21,2025-10-01,9.4
176,"When possible, need to resolve the reque","When possible, need to resolve the request affecting auth performance",Backend,Medium,sneha,2025-10-16,2025-10-27,6.3
177,Whenever convenient — increase test cove,Whenever convenient — increase test coverage for payment edge cases,Testing,Low,sneha,2025-01-14,2025-02-06,2.4
178,ASAP — docs missing for user profile con,ASAP — docs missing for user profile configuration under mobile,Documentation,Urgent,vikram,2025-05-05,2025-05-06,3.1
179,Set up CI/CD pipeline for search service,Set up CI/CD pipeline for search service,DevOps,Medium,neha,2025-08-30,2025-09-08,4.9
180,Please address the request to support au,Please address the request to support auth customization,Feature Request,Medium,vikram,2025-09-30,2025-10-11,5.5
181,Document deployment steps for mobile env,Document deployment steps for mobile environment,Documentation,Medium,neha,2025-06-02,2025-06-13,7.4
182,Add notification system for multiple eve,Add notification system for multiple events,Feature Request,Medium,arjun,2025-05-21,2025-06-01,4.3
183,Need to handle the case affecting notifi,Need to handle the case affecting notifications performance,Backend,High,rohan,2025-05-28,2025-06-01,8.9
184,Please resolve the request layout for us,Please resolve the request layout for user profile,UI/UX,Medium,priya,2025-10-28,2025-11-07,8.9
185,Please prioritize — need to review the i,Please prioritize — need to review the issue where auth breaks under checkout,Bug,High,arjun,2025-02-21,2025-02-26,12.0
186,Blocking release — refactor auth service,Blocking release — refactor auth service to reduce latency during peak load,Backend,Urgent,neha,2025-01-31,2025-02-01,5.1
187,Optimize database query for admin table,Optimize database query for admin table,Backend,Medium,neha,2025-09-11,2025-09-21,6.4
188,ASAP — write unit tests for search modul,ASAP — write unit tests for search module,Testing,Urgent,sneha,2025-03-10,2025-03-15,4.5
189,Low priority — update API docs for the u,Low priority — update API docs for the user profile endpoint,Feature Request,Low,neha,2025-06-01,2025-06-24,2.5
190,"No rush, but qA found case in auth durin","No rush, but qA found case in auth during monthly",Testing,Low,priya,2025-02-18,2025-03-10,18.3
191,Fix alignment issue on search page for s,Fix alignment issue on search page for submit button screen size,UI/UX,Medium,neha,2025-06-04,2025-06-17,11.0
192,"No rush, but add caching layer to user p","No rush, but add caching layer to user profile API",Backend,Low,neha,2025-09-15,2025-10-06,8.7
193,Memory leak detected in reporting module,Memory leak detected in reporting module during multiple,Bug,High,rohan,2025-08-21,2025-08-29,5.0
194,Time-sensitive — please review the case ,Time-sensitive — please review the case layout for reporting,UI/UX,High,sneha,2025-02-11,2025-02-19,2.3
195,Time-sensitive — optimize database query,Time-sensitive — optimize database query for payment table,Backend,High,priya,2025-10-02,2025-10-07,9.8
196,High priority: need to review the proble,High priority: need to review the problem explaining auth setup,Documentation,High,sneha,2025-08-17,2025-08-21,4.5
197,Add notification system for mobile event,Add notification system for mobile events,Feature Request,Medium,arjun,2025-07-22,2025-08-02,6.8
198,Set up CI/CD pipeline for admin service,Set up CI/CD pipeline for admin service,DevOps,Medium,arjun,2025-02-05,2025-02-17,3.1
199,Write onboarding guide for auth module,Write onboarding guide for auth module,Documentation,Low,arjun,2025-07-13,2025-08-04,6.0
200,ASAP — deployment issue affecting auth d,ASAP — deployment issue affecting auth during checkout,DevOps,Urgent,arjun,2025-04-25,2025-04-26,3.3
201,"No rush, but docs missing for reporting ","No rush, but docs missing for reporting configuration under peak load",Documentation,Low,neha,2025-05-22,2025-06-11,3.4
202,Low priority — need to fix the task arou,Low priority — need to fix the task around notifications test failures,Testing,Low,neha,2025-08-17,2025-09-09,6.0
203,Critical — fix broken deployment on sign,Critical — fix broken deployment on signup server,DevOps,Urgent,vikram,2025-01-29,2025-01-31,1.2
204,Low priority — docs missing for reportin,Low priority — docs missing for reporting configuration under multiple,Documentation,Low,sneha,2025-09-24,2025-10-14,1.3
205,Whenever convenient — docs missing for a,Whenever convenient — docs missing for auth configuration under mobile,Documentation,Low,vikram,2025-06-26,2025-07-18,2.7
206,Need to investigate the task explaining ,Need to investigate the task explaining search setup,Documentation,Medium,neha,2025-04-26,2025-05-07,4.2
207,Please prioritize — add dark mode suppor,Please prioritize — add dark mode support to the admin page,Feature Request,High,neha,2025-04-15,2025-04-21,9.1
208,URGENT: users report payment stops respo,URGENT: users report payment stops responding during multiple,Bug,Urgent,neha,2025-04-07,2025-04-12,4.4
209,Please handle the item related to notifi,Please handle the item related to notifications infrastructure,Backend,High,priya,2025-03-02,2025-03-09,4.9
210,Please prioritize — fix broken deploymen,Please prioritize — fix broken deployment on peak load server,DevOps,High,rohan,2025-07-03,2025-07-09,4.0
211,Need to address the case explaining paym,Need to address the case explaining payment setup,Documentation,Medium,sneha,2025-07-09,2025-07-20,6.4
212,Time-sensitive — login fails with error ,Time-sensitive — login fails with error 500 after signup attempts,Bug,High,priya,2025-08-02,2025-08-08,2.4
213,"When possible, add notification system f","When possible, add notification system for mobile events",Feature Request,Medium,sneha,2025-09-08,2025-09-20,4.6
214,Allow users to filter user profile by ch,Allow users to filter user profile by checkout,Feature Request,Medium,arjun,2025-01-31,2025-02-13,6.7
215,Write unit tests for payment module,Write unit tests for payment module,Testing,High,priya,2025-03-19,2025-03-23,5.9
216,Optimize database query for auth table,Optimize database query for auth table,Backend,Medium,arjun,2025-07-30,2025-08-08,5.0
217,Server-side payment logic fails under mu,Server-side payment logic fails under multiple,Backend,High,priya,2025-02-19,2025-02-27,5.1
218,Please handle the item to support notifi,Please handle the item to support notifications customization,UI/UX,Low,priya,2025-08-24,2025-09-16,7.2
219,Set up CI/CD pipeline for notifications ,Set up CI/CD pipeline for notifications service,DevOps,Medium,neha,2025-01-29,2025-02-07,18.8
220,Add notification system for signup event,Add notification system for signup events,Feature Request,Low,priya,2025-09-28,2025-10-17,2.6
221,Requesting new option for admin during m,Requesting new option for admin during mobile,Feature Request,High,vikram,2025-05-24,2025-06-01,19.2
222,Configure auto-scaling for user profile ,Configure auto-scaling for user profile during peak submit button,DevOps,Low,priya,2025-02-09,2025-03-02,2.5
223,Need to handle the ticket affecting repo,Need to handle the ticket affecting reporting performance,Backend,Medium,neha,2025-02-10,2025-02-23,0.5
224,Whenever convenient — need to update the,Whenever convenient — need to update the item explaining notifications setup,Documentation,Low,arjun,2025-07-23,2025-08-13,3.2
225,Please handle the request related to use,Please handle the request related to user profile infrastructure,DevOps,Medium,arjun,2025-10-27,2025-11-08,6.4
226,Time-sensitive — fix flaky integration t,Time-sensitive — fix flaky integration test in payment during signup,Testing,High,rohan,2025-03-20,2025-03-27,16.4
227,Low priority — update API docs for the a,Low priority — update API docs for the admin endpoint,Documentation,Low,vikram,2025-08-09,2025-08-31,2.3
228,Time-sensitive — optimize database query,Time-sensitive — optimize database query for payment table,Backend,High,rohan,2025-07-17,2025-07-21,7.2
229,"When possible, redesign the reporting da","When possible, redesign the reporting dashboard for better readability",UI/UX,Medium,rohan,2025-03-13,2025-03-24,1.4
230,Low priority — update API docs for the a,Low priority — update API docs for the admin endpoint,Documentation,Low,vikram,2025-05-07,2025-05-29,16.0
231,"When possible, optimize database query f","When possible, optimize database query for search table",Backend,Medium,rohan,2025-06-18,2025-06-30,11.1
232,Visual inconsistency on search during ch,Visual inconsistency on search during checkout,UI/UX,High,sneha,2025-06-10,2025-06-15,3.4
233,"No rush, but need to review the item exp","No rush, but need to review the item explaining notifications setup",Documentation,Low,vikram,2025-10-16,2025-11-05,12.3
234,Server-side auth logic fails under submi,Server-side auth logic fails under submit button,Backend,Medium,neha,2025-02-05,2025-02-17,4.6
235,"No rush, but improve accessibility of se","No rush, but improve accessibility of search form fields",Feature Request,Low,vikram,2025-10-26,2025-11-17,11.5
236,Need to handle the problem affecting pay,Need to handle the problem affecting payment performance,Backend,Urgent,priya,2025-02-13,2025-02-14,5.0
237,Fix broken deployment on signup server,Fix broken deployment on signup server,DevOps,High,sneha,2025-07-24,2025-07-30,5.2
238,"No rush, but memory leak detected in rep","No rush, but memory leak detected in reporting module during checkout",Bug,Low,rohan,2025-09-14,2025-10-04,3.5
239,Memory leak detected in payment module d,Memory leak detected in payment module during peak load,Bug,High,sneha,2025-06-09,2025-06-15,7.8
240,Need to update the ticket around admin t,Need to update the ticket around admin test failures,Testing,Medium,arjun,2025-02-04,2025-02-15,5.5
241,Write unit tests for search module,Write unit tests for search module,Testing,High,priya,2025-05-05,2025-05-13,7.3
242,Server-side admin logic fails under peak,Server-side admin logic fails under peak load,Backend,Medium,arjun,2025-08-10,2025-08-22,1.1
243,High priority: fix broken deployment on ,High priority: fix broken deployment on peak load server,DevOps,High,arjun,2025-02-02,2025-02-10,11.8
244,Time-sensitive — fix flaky integration t,Time-sensitive — fix flaky integration test in search during multiple,Testing,High,vikram,2025-09-28,2025-10-04,13.7
245,Visual inconsistency on search during su,Visual inconsistency on search during submit button,UI/UX,Medium,vikram,2025-06-02,2025-06-15,5.5
246,Time-sensitive — memory leak detected in,Time-sensitive — memory leak detected in user profile module during submit button,Bug,High,vikram,2025-07-18,2025-07-25,18.0
247,Add notification system for checkout eve,Add notification system for checkout events,Feature Request,Medium,vikram,2025-06-11,2025-06-23,15.3
248,ASAP — application crashes when peak loa,ASAP — application crashes when peak load is clicked on the user profile page,Bug,Urgent,neha,2025-09-09,2025-09-13,7.9
249,Fix flaky integration test in reporting ,Fix flaky integration test in reporting during submit button,Testing,Medium,vikram,2025-05-21,2025-05-31,12.4
250,Whenever convenient — need to address th,Whenever convenient — need to address the request explaining auth setup,Documentation,Low,vikram,2025-10-06,2025-10-27,10.3
251,Need to investigate the issue around use,Need to investigate the issue around user profile test failures,Testing,High,arjun,2025-05-07,2025-05-13,0.8
252,Redesign the notifications dashboard for,Redesign the notifications dashboard for better readability,UI/UX,Medium,neha,2025-06-29,2025-07-12,4.0
253,"No rush, but fix alignment issue on user","No rush, but fix alignment issue on user profile page for monthly screen size",UI/UX,Low,rohan,2025-10-03,2025-10-23,8.3
254,Deployment task affecting notifications ,Deployment task affecting notifications during multiple,DevOps,Medium,neha,2025-01-31,2025-02-11,14.3
255,"When possible, implement export to CSV f","When possible, implement export to CSV for user profile reports",Feature Request,Medium,neha,2025-03-14,2025-03-27,1.3
256,Need to update the ticket explaining pay,Need to update the ticket explaining payment setup,Documentation,Medium,sneha,2025-07-08,2025-07-20,0.9
257,"When possible, update API docs for the a","When possible, update API docs for the admin endpoint",Documentation,Medium,sneha,2025-08-08,2025-08-18,4.8
258,Document deployment steps for multiple e,Document deployment steps for multiple environment,Documentation,Low,arjun,2025-01-25,2025-02-13,0.5
259,ASAP — please check the ticket related t,ASAP — please check the ticket related to payment infrastructure,DevOps,Urgent,priya,2025-03-09,2025-03-12,4.7
260,Critical — increase test coverage for au,Critical — increase test coverage for auth edge cases,DevOps,Urgent,neha,2025-04-30,2025-05-04,6.6
261,Time-sensitive — application crashes whe,Time-sensitive — application crashes when checkout is clicked on the admin page,Bug,High,neha,2025-01-05,2025-01-09,2.2
262,Need to address the issue explaining use,Need to address the issue explaining user profile setup,Documentation,Medium,rohan,2025-02-22,2025-03-03,4.8
263,Write onboarding guide for notifications,Write onboarding guide for notifications module,Documentation,High,arjun,2025-09-29,2025-10-07,9.7
264,Need to review the problem affecting aut,Need to review the problem affecting auth performance,Backend,High,arjun,2025-08-15,2025-08-20,3.2
265,Application crashes when mobile is click,Application crashes when mobile is clicked on the auth page,Bug,Medium,rohan,2025-03-13,2025-03-23,2.5
266,Deployment case affecting reporting duri,Deployment case affecting reporting during mobile,Testing,Low,vikram,2025-04-16,2025-05-09,4.6
267,Need to fix the case affecting auth perf,Need to fix the case affecting auth performance,Backend,Medium,arjun,2025-09-11,2025-09-23,2.0
268,Please fix the item to support reporting,Please fix the item to support reporting customization,Feature Request,Medium,rohan,2025-10-19,2025-10-31,17.1
269,Please prioritize — need to fix the requ,Please prioritize — need to fix the request affecting payment performance,Backend,High,vikram,2025-01-31,2025-02-07,5.1
270,"When possible, docs missing for admin co","When possible, docs missing for admin configuration under monthly",Documentation,Medium,arjun,2025-03-20,2025-03-31,2.8
271,Whenever convenient — write onboarding g,Whenever convenient — write onboarding guide for user profile module,Documentation,Low,neha,2025-02-03,2025-02-24,5.9
272,Time-sensitive — fix alignment issue on ,Time-sensitive — fix alignment issue on user profile page for submit button screen size,UI/UX,High,arjun,2025-06-08,2025-06-13,4.6
273,Time-sensitive — unexpected behavior in ,Time-sensitive — unexpected behavior in user profile when using submit button,Bug,High,neha,2025-07-10,2025-07-15,4.2
274,Time-sensitive — write unit tests for pa,Time-sensitive — write unit tests for payment module,Bug,High,vikram,2025-09-12,2025-09-19,3.2
275,Docs missing for search configuration un,Docs missing for search configuration under checkout,Documentation,Low,neha,2025-03-01,2025-03-21,3.1
276,Low priority — optimize database query f,Low priority — optimize database query for payment table,Backend,Low,neha,2025-01-19,2025-02-11,1.1
277,High priority: fix broken deployment on ,High priority: fix broken deployment on multiple server,DevOps,High,neha,2025-03-03,2025-03-11,12.4
278,Users report payment stops responding du,Users report payment stops responding during mobile,Bug,Medium,arjun,2025-06-09,2025-06-20,7.6
279,Add caching layer to search API,Add caching layer to search API,Backend,Medium,neha,2025-09-10,2025-09-20,6.3
280,Please prioritize — refactor payment ser,Please prioritize — refactor payment service to reduce latency during checkout,Backend,High,arjun,2025-01-05,2025-01-11,4.5
281,High priority: increase test coverage fo,High priority: increase test coverage for user profile edge cases,Testing,High,arjun,2025-03-14,2025-03-20,2.1
282,Users report admin stops responding duri,Users report admin stops responding during mobile,Bug,Urgent,priya,2025-02-18,2025-02-23,2.6
283,Critical — set up CI/CD pipeline for rep,Critical — set up CI/CD pipeline for reporting service,DevOps,Urgent,sneha,2025-05-14,2025-05-17,1.3
284,Critical — configure auto-scaling for ad,Critical — configure auto-scaling for admin during peak multiple,DevOps,Urgent,priya,2025-10-27,2025-10-28,2.9
285,Data not saving correctly when multiple ,Data not saving correctly when multiple is submitted,Bug,Medium,arjun,2025-08-26,2025-09-06,1.9
286,Unexpected behavior in notifications whe,Unexpected behavior in notifications when using multiple,Bug,Medium,rohan,2025-02-16,2025-02-26,14.8
287,Improve accessibility of notifications f,Improve accessibility of notifications form fields,UI/UX,Medium,priya,2025-10-12,2025-10-25,9.3
288,High priority: users report user profile,High priority: users report user profile stops responding during monthly,Bug,High,neha,2025-07-25,2025-07-31,5.3
289,URGENT: set up CI/CD pipeline for report,URGENT: set up CI/CD pipeline for reporting service,DevOps,Urgent,arjun,2025-08-16,2025-08-18,2.4
290,Time-sensitive — increase test coverage ,Time-sensitive — increase test coverage for payment edge cases,Testing,High,arjun,2025-07-22,2025-07-29,2.0
291,Fix alignment issue on user profile page,Fix alignment issue on user profile page for multiple screen size,Feature Request,Medium,sneha,2025-06-01,2025-06-13,4.3
292,"When possible, optimize database query f","When possible, optimize database query for admin table",Backend,Medium,sneha,2025-10-06,2025-10-15,9.5
293,Need to address the item around notifica,Need to address the item around notifications test failures,Testing,High,priya,2025-07-18,2025-07-24,1.3
294,Login fails with error 500 after submit ,Login fails with error 500 after submit button attempts,Bug,Medium,priya,2025-07-03,2025-07-16,7.5
295,Requesting new option for search during ,Requesting new option for search during checkout,Feature Request,Low,priya,2025-07-18,2025-08-08,2.9
296,Whenever convenient — allow users to fil,Whenever convenient — allow users to filter auth by monthly,Feature Request,Low,priya,2025-10-18,2025-11-10,3.3
297,URGENT: need to check the ticket affecti,URGENT: need to check the ticket affecting search performance,Backend,Urgent,vikram,2025-04-23,2025-04-24,5.2
298,Visual inconsistency on notifications du,Visual inconsistency on notifications during checkout,UI/UX,Low,arjun,2025-06-15,2025-07-04,2.4
299,"When possible, implement export to CSV f","When possible, implement export to CSV for payment reports",Feature Request,Medium,rohan,2025-02-21,2025-03-04,4.1
300,Whenever convenient — write onboarding g,Whenever convenient — write onboarding guide for admin module,Documentation,Low,neha,2025-07-02,2025-07-22,2.2
301,High priority: need to resolve the task ,High priority: need to resolve the task affecting auth performance,Backend,High,vikram,2025-10-21,2025-10-28,3.1
302,Memory leak detected in reporting module,Memory leak detected in reporting module during monthly,Bug,Medium,rohan,2025-02-09,2025-02-19,8.5
303,Low priority — update API docs for the a,Low priority — update API docs for the auth endpoint,Documentation,Low,rohan,2025-02-04,2025-02-25,5.4
304,Low priority — write unit tests for admi,Low priority — write unit tests for admin module,Testing,Low,rohan,2025-09-10,2025-10-02,8.5
305,Need to review the task affecting notifi,Need to review the task affecting notifications performance,Backend,Medium,arjun,2025-06-13,2025-06-24,2.8
306,Data not saving correctly when checkout ,Data not saving correctly when checkout is submitted,Bug,Medium,vikram,2025-06-23,2025-07-06,7.6
307,Please prioritize — please investigate t,Please prioritize — please investigate the task layout for user profile,UI/UX,High,neha,2025-04-08,2025-04-15,1.0
308,High priority: server-side auth logic fa,High priority: server-side auth logic fails under multiple,Backend,High,priya,2025-10-09,2025-10-16,5.2
309,High priority: data not saving correctly,High priority: data not saving correctly when submit button is submitted,Bug,High,sneha,2025-05-30,2025-06-03,7.9
310,"No rush, but need to resolve the issue a","No rush, but need to resolve the issue around admin test failures",Testing,Low,priya,2025-07-15,2025-08-05,0.9
311,Low priority — please review the case la,Low priority — please review the case layout for search,UI/UX,Low,neha,2025-02-19,2025-03-10,2.9
312,Need to review the request explaining re,Need to review the request explaining reporting setup,Documentation,Medium,neha,2025-08-03,2025-08-16,5.2
313,URGENT: qA found issue in admin during c,URGENT: qA found issue in admin during checkout,Testing,Urgent,neha,2025-09-22,2025-09-27,10.0
314,Low priority — need to review the case a,Low priority — need to review the case affecting user profile performance,Backend,Low,neha,2025-08-11,2025-08-31,3.1
315,Please prioritize — allow users to filte,Please prioritize — allow users to filter auth by multiple,Feature Request,High,sneha,2025-05-22,2025-05-30,7.3
316,Low priority — qA found issue in reporti,Low priority — qA found issue in reporting during mobile,Testing,Low,arjun,2025-10-26,2025-11-14,12.9
317,Time-sensitive — add caching layer to re,Time-sensitive — add caching layer to reporting API,Backend,High,priya,2025-08-31,2025-09-04,7.6
318,"No rush, but docs missing for auth confi","No rush, but docs missing for auth configuration under mobile",Documentation,Low,rohan,2025-01-26,2025-02-17,4.3
319,Low priority — document deployment steps,Low priority — document deployment steps for multiple environment,Documentation,Low,rohan,2025-04-27,2025-05-17,6.6
320,High priority: configure auto-scaling fo,High priority: configure auto-scaling for auth during peak multiple,DevOps,High,vikram,2025-07-28,2025-08-04,3.0
321,"When possible, write unit tests for noti","When possible, write unit tests for notifications module",Testing,Medium,arjun,2025-09-26,2025-10-09,5.3
322,"No rush, but implement export to CSV for","No rush, but implement export to CSV for payment reports",Feature Request,Low,sneha,2025-05-21,2025-06-11,4.4
323,Optimize database query for payment tabl,Optimize database query for payment table,Backend,Medium,vikram,2025-08-31,2025-09-13,6.4
324,Low priority — document deployment steps,Low priority — document deployment steps for signup environment,Documentation,Low,priya,2025-10-20,2025-11-09,3.6
325,"When possible, fix broken deployment on ","When possible, fix broken deployment on multiple server",Backend,Medium,arjun,2025-03-30,2025-04-12,6.7
326,Allow users to filter auth by signup,Allow users to filter auth by signup,Feature Request,Low,priya,2025-08-24,2025-09-14,3.5
327,"When possible, visual inconsistency on r","When possible, visual inconsistency on reporting during monthly",UI/UX,Medium,neha,2025-07-11,2025-07-24,9.2
328,Please prioritize — add caching layer to,Please prioritize — add caching layer to payment API,Backend,High,neha,2025-05-22,2025-05-28,3.8
329,Configure auto-scaling for user profile ,Configure auto-scaling for user profile during peak checkout,DevOps,Urgent,neha,2025-07-26,2025-07-29,0.5
330,"When possible, requesting new option for","When possible, requesting new option for search during peak load",UI/UX,Medium,neha,2025-06-25,2025-07-05,2.0
331,Time-sensitive — need to resolve the cas,Time-sensitive — need to resolve the case affecting search performance,Backend,High,arjun,2025-04-03,2025-04-09,5.1
332,Improve accessibility of notifications f,Improve accessibility of notifications form fields,UI/UX,Low,priya,2025-04-24,2025-05-15,14.7
333,ASAP — please handle the item related to,ASAP — please handle the item related to search infrastructure,DevOps,Urgent,neha,2025-08-29,2025-08-30,8.9
334,Time-sensitive — server-side admin logic,Time-sensitive — server-side admin logic fails under submit button,Backend,High,arjun,2025-06-02,2025-06-09,0.4
335,Fix flaky integration test in search dur,Fix flaky integration test in search during checkout,Testing,High,neha,2025-03-15,2025-03-21,1.2
336,High priority: add notification system f,High priority: add notification system for multiple events,Feature Request,High,vikram,2025-04-18,2025-04-23,10.9
337,"No rush, but write unit tests for report","No rush, but write unit tests for reporting module",Testing,Low,arjun,2025-07-16,2025-08-04,7.9
338,"When possible, add caching layer to sear","When possible, add caching layer to search API",Backend,Medium,rohan,2025-04-26,2025-05-07,20.0
339,Please check the issue to support search,Please check the issue to support search customization,Feature Request,Low,neha,2025-05-29,2025-06-20,3.4
340,Add caching layer to auth API,Add caching layer to auth API,Backend,High,sneha,2025-04-07,2025-04-12,2.4
341,Unexpected behavior in user profile when,Unexpected behavior in user profile when using checkout,Bug,Medium,neha,2025-01-20,2025-02-01,5.3
342,Docs missing for reporting configuration,Docs missing for reporting configuration under submit button,Feature Request,Medium,sneha,2025-08-02,2025-08-14,3.4
343,High priority: data not saving correctly,High priority: data not saving correctly when signup is submitted,Bug,High,rohan,2025-02-21,2025-03-01,10.2
344,Refactor notifications service to reduce,Refactor notifications service to reduce latency during peak load,Backend,High,sneha,2025-02-28,2025-03-04,3.3
345,Allow users to filter reporting by month,Allow users to filter reporting by monthly,Feature Request,Medium,sneha,2025-01-21,2025-02-03,4.0
346,Add notification system for multiple eve,Add notification system for multiple events,Feature Request,Medium,arjun,2025-09-10,2025-09-20,2.1
347,Write unit tests for auth module,Write unit tests for auth module,Testing,Medium,arjun,2025-08-26,2025-09-04,8.5
348,"No rush, but write unit tests for search","No rush, but write unit tests for search module",Testing,Low,arjun,2025-02-18,2025-03-09,2.2
349,Whenever convenient — fix flaky integrat,Whenever convenient — fix flaky integration test in search during multiple,Testing,Low,arjun,2025-06-25,2025-07-15,6.8
350,Please investigate the problem layout fo,Please investigate the problem layout for notifications,UI/UX,Medium,priya,2025-03-27,2025-04-05,16.4
351,ASAP — fix broken deployment on submit b,ASAP — fix broken deployment on submit button server,DevOps,Urgent,vikram,2025-07-14,2025-07-17,0.8
352,ASAP — users report user profile stops r,ASAP — users report user profile stops responding during signup,Bug,Urgent,neha,2025-02-02,2025-02-05,13.3
353,Docs missing for auth configuration unde,Docs missing for auth configuration under monthly,Documentation,Low,neha,2025-02-18,2025-03-12,6.2
354,Configure auto-scaling for auth during p,Configure auto-scaling for auth during peak signup,DevOps,Medium,neha,2025-01-28,2025-02-06,1.8
355,Add notification system for monthly even,Add notification system for monthly events,Feature Request,Medium,arjun,2025-06-19,2025-06-30,5.4
356,"When possible, need to review the issue ","When possible, need to review the issue affecting notifications performance",Backend,Medium,rohan,2025-09-13,2025-09-25,8.4
357,URGENT: unexpected behavior in payment w,URGENT: unexpected behavior in payment when using signup,Bug,Urgent,vikram,2025-06-05,2025-06-10,2.5
358,Add notification system for multiple eve,Add notification system for multiple events,Feature Request,Medium,neha,2025-08-31,2025-09-11,7.1
359,"No rush, but fix alignment issue on sear","No rush, but fix alignment issue on search page for submit button screen size",UI/UX,Low,arjun,2025-07-11,2025-07-30,14.1
360,Requesting new option for auth during si,Requesting new option for auth during signup,Feature Request,Medium,sneha,2025-07-21,2025-07-31,3.3
361,Increase test coverage for notifications,Increase test coverage for notifications edge cases,Testing,High,sneha,2025-03-05,2025-03-12,2.1
362,Deployment request affecting admin durin,Deployment request affecting admin during checkout,DevOps,High,sneha,2025-08-10,2025-08-18,4.5
363,Refactor reporting service to reduce lat,Refactor reporting service to reduce latency during signup,Backend,High,sneha,2025-06-14,2025-06-22,5.2
364,Critical — fix alignment issue on admin ,Critical — fix alignment issue on admin page for multiple screen size,UI/UX,Urgent,neha,2025-09-20,2025-09-23,10.5
365,Blocking release — server-side user prof,Blocking release — server-side user profile logic fails under signup,Backend,Urgent,vikram,2025-03-09,2025-03-11,4.4
366,Time-sensitive — add caching layer to pa,Time-sensitive — add caching layer to payment API,Backend,High,rohan,2025-08-02,2025-08-10,3.5
367,"When possible, write unit tests for paym","When possible, write unit tests for payment module",DevOps,Medium,neha,2025-03-24,2025-04-04,2.0
368,Update API docs for the notifications en,Update API docs for the notifications endpoint,Feature Request,Low,neha,2025-02-22,2025-03-17,0.9
369,Time-sensitive — fix broken deployment o,Time-sensitive — fix broken deployment on signup server,DevOps,High,sneha,2025-01-25,2025-02-01,1.5
370,ASAP — improve accessibility of payment ,ASAP — improve accessibility of payment form fields,UI/UX,Urgent,vikram,2025-07-08,2025-07-13,1.5
371,High priority: fix broken deployment on ,High priority: fix broken deployment on multiple server,DevOps,High,arjun,2025-03-03,2025-03-10,4.1
372,"When possible, improve accessibility of ","When possible, improve accessibility of user profile form fields",UI/UX,Medium,rohan,2025-01-21,2025-01-31,1.1
373,Server-side auth logic fails under month,Server-side auth logic fails under monthly,Backend,Low,vikram,2025-02-07,2025-02-28,4.8
374,ASAP — please check the ticket to suppor,ASAP — please check the ticket to support notifications customization,Feature Request,Urgent,neha,2025-04-24,2025-04-26,16.1
375,Document deployment steps for checkout e,Document deployment steps for checkout environment,Documentation,Low,neha,2025-01-05,2025-01-24,10.8
376,Docs missing for user profile configurat,Docs missing for user profile configuration under mobile,Documentation,Low,rohan,2025-02-28,2025-03-22,4.0
377,Optimize database query for notification,Optimize database query for notifications table,Backend,High,neha,2025-01-23,2025-01-29,23.1
378,"When possible, add dark mode support to ","When possible, add dark mode support to the user profile page",Feature Request,Medium,arjun,2025-04-20,2025-05-02,5.2
379,Requesting new option for notifications ,Requesting new option for notifications during signup,UI/UX,Medium,neha,2025-01-13,2025-01-25,5.8
380,Low priority — update API docs for the u,Low priority — update API docs for the user profile endpoint,Documentation,Low,sneha,2025-07-28,2025-08-19,4.5
381,Time-sensitive — configure auto-scaling ,Time-sensitive — configure auto-scaling for admin during peak submit button,DevOps,High,neha,2025-10-27,2025-10-31,4.9
382,"No rush, but qA found request in search ","No rush, but qA found request in search during submit button",Testing,Low,priya,2025-01-16,2025-02-07,3.2
383,"When possible, need to resolve the probl","When possible, need to resolve the problem affecting notifications performance",Backend,Medium,vikram,2025-07-11,2025-07-20,4.1
384,Write unit tests for payment module,Write unit tests for payment module,Testing,Medium,sneha,2025-06-26,2025-07-06,13.4
385,Fix broken deployment on checkout server,Fix broken deployment on checkout server,DevOps,Urgent,arjun,2025-04-03,2025-04-08,11.5
386,Please prioritize — qA found item in aut,Please prioritize — qA found item in auth during peak load,Testing,High,rohan,2025-10-25,2025-11-01,0.5
387,"No rush, but write onboarding guide for ","No rush, but write onboarding guide for search module",Documentation,Low,priya,2025-06-06,2025-06-29,1.3
388,High priority: add caching layer to user,High priority: add caching layer to user profile API,Backend,High,rohan,2025-08-12,2025-08-18,2.6
389,Allow users to filter admin by peak load,Allow users to filter admin by peak load,Feature Request,Medium,neha,2025-02-25,2025-03-07,9.6
390,Whenever convenient — add caching layer ,Whenever convenient — add caching layer to notifications API,Backend,Low,arjun,2025-02-09,2025-02-28,11.7
391,Write unit tests for reporting module,Write unit tests for reporting module,Testing,Medium,sneha,2025-10-06,2025-10-19,8.3
392,URGENT: configure auto-scaling for user ,URGENT: configure auto-scaling for user profile during peak peak load,DevOps,Urgent,neha,2025-09-15,2025-09-16,1.8
393,Time-sensitive — please check the ticket,Time-sensitive — please check the ticket to support user profile customization,Feature Request,High,rohan,2025-03-16,2025-03-23,3.2
394,"When possible, data not saving correctly","When possible, data not saving correctly when checkout is submitted",Bug,Medium,sneha,2025-07-04,2025-07-16,7.1
395,Redesign the search dashboard for better,Redesign the search dashboard for better readability,UI/UX,High,vikram,2025-05-21,2025-05-27,4.1
396,High priority: need to handle the reques,High priority: need to handle the request affecting admin performance,Backend,High,vikram,2025-07-12,2025-07-17,3.7
397,Improve accessibility of notifications f,Improve accessibility of notifications form fields,UI/UX,Medium,vikram,2025-04-28,2025-05-07,3.7
398,Fix broken deployment on checkout server,Fix broken deployment on checkout server,DevOps,Medium,rohan,2025-04-28,2025-05-10,11.0
399,Please check the problem related to user,Please check the problem related to user profile infrastructure,Backend,Medium,vikram,2025-03-07,2025-03-20,7.7
400,Low priority — please check the issue to,Low priority — please check the issue to support reporting customization,Feature Request,Low,vikram,2025-07-27,2025-08-19,3.9
401,Configure auto-scaling for user profile ,Configure auto-scaling for user profile during peak submit button,DevOps,Low,sneha,2025-03-29,2025-04-18,6.4
402,"No rush, but server-side notifications l","No rush, but server-side notifications logic fails under monthly",Backend,Low,vikram,2025-06-25,2025-07-17,1.6
403,Whenever convenient — need to update the,Whenever convenient — need to update the issue affecting user profile performance,Backend,Low,arjun,2025-03-18,2025-04-10,3.2
404,Please update the issue to support payme,Please update the issue to support payment customization,Feature Request,Medium,neha,2025-10-04,2025-10-13,10.3
405,High priority: please fix the problem re,High priority: please fix the problem related to notifications infrastructure,DevOps,High,rohan,2025-09-04,2025-09-11,1.1
406,High priority: server-side admin logic f,High priority: server-side admin logic fails under submit button,Backend,High,vikram,2025-02-12,2025-02-18,7.7
407,"When possible, refactor auth service to ","When possible, refactor auth service to reduce latency during submit button",DevOps,Medium,rohan,2025-06-11,2025-06-23,0.5
408,"When possible, unexpected behavior in se","When possible, unexpected behavior in search when using mobile",Bug,Medium,priya,2025-05-22,2025-06-03,14.9
409,Visual inconsistency on user profile dur,Visual inconsistency on user profile during peak load,UI/UX,Medium,neha,2025-10-23,2025-11-03,3.2
410,High priority: redesign the user profile,High priority: redesign the user profile dashboard for better readability,UI/UX,High,rohan,2025-09-18,2025-09-25,6.7
411,Write unit tests for admin module,Write unit tests for admin module,Testing,Medium,arjun,2025-08-11,2025-08-20,5.5
412,Whenever convenient — update API docs fo,Whenever convenient — update API docs for the payment endpoint,Documentation,Low,neha,2025-01-30,2025-02-19,5.6
413,"When possible, fix alignment issue on au","When possible, fix alignment issue on auth page for monthly screen size",UI/UX,Medium,priya,2025-04-29,2025-05-12,6.3
414,Fix broken deployment on signup server,Fix broken deployment on signup server,DevOps,Low,sneha,2025-06-30,2025-07-22,0.9
415,"When possible, optimize database query f","When possible, optimize database query for auth table",Backend,Medium,rohan,2025-10-26,2025-11-06,5.7
416,QA found request in admin during checkou,QA found request in admin during checkout,Testing,Medium,arjun,2025-02-24,2025-03-09,4.3
417,Optimize database query for reporting ta,Optimize database query for reporting table,Backend,Medium,vikram,2025-08-15,2025-08-27,3.2
418,Improve accessibility of admin form fiel,Improve accessibility of admin form fields,UI/UX,High,sneha,2025-05-13,2025-05-17,2.6
419,Blocking release — fix broken deployment,Blocking release — fix broken deployment on signup server,DevOps,Urgent,priya,2025-01-05,2025-01-08,5.8
420,Low priority — document deployment steps,Low priority — document deployment steps for submit button environment,Documentation,Low,neha,2025-05-18,2025-06-07,2.1
421,Fix broken deployment on peak load serve,Fix broken deployment on peak load server,DevOps,Urgent,priya,2025-04-16,2025-04-18,10.1
422,QA found issue in user profile during mu,QA found issue in user profile during multiple,Testing,Medium,arjun,2025-09-10,2025-09-23,7.1
423,Time-sensitive — write unit tests for ad,Time-sensitive — write unit tests for admin module,Testing,High,vikram,2025-09-09,2025-09-14,6.1
424,Docs missing for payment configuration u,Docs missing for payment configuration under checkout,Feature Request,Low,sneha,2025-07-21,2025-08-10,9.9
425,Please prioritize — data not saving corr,Please prioritize — data not saving correctly when multiple is submitted,Bug,High,vikram,2025-06-16,2025-06-22,0.7
426,QA found ticket in user profile during m,QA found ticket in user profile during multiple,Testing,Medium,sneha,2025-04-05,2025-04-17,1.5
427,"When possible, allow users to filter not","When possible, allow users to filter notifications by multiple",Feature Request,Medium,arjun,2025-10-22,2025-11-01,7.3
428,"When possible, fix broken deployment on ","When possible, fix broken deployment on mobile server",DevOps,Medium,sneha,2025-01-05,2025-01-15,2.7
429,"No rush, but visual inconsistency on aut","No rush, but visual inconsistency on auth during mobile",UI/UX,Low,sneha,2025-10-18,2025-11-06,3.0
430,Application crashes when checkout is cli,Application crashes when checkout is clicked on the notifications page,Bug,High,rohan,2025-06-21,2025-06-27,1.3
431,"When possible, document deployment steps","When possible, document deployment steps for multiple environment",Documentation,Medium,vikram,2025-04-12,2025-04-25,2.1
432,Please prioritize — fix broken deploymen,Please prioritize — fix broken deployment on monthly server,DevOps,High,sneha,2025-08-17,2025-08-21,10.3
433,"When possible, refactor user profile ser","When possible, refactor user profile service to reduce latency during monthly",Backend,Medium,priya,2025-02-06,2025-02-15,7.2
434,"No rush, but document deployment steps f","No rush, but document deployment steps for signup environment",Documentation,Low,vikram,2025-07-05,2025-07-28,5.8
435,Fix alignment issue on payment page for ,Fix alignment issue on payment page for monthly screen size,UI/UX,Medium,priya,2025-02-10,2025-02-20,3.1
436,Redesign the reporting dashboard for bet,Redesign the reporting dashboard for better readability,UI/UX,Low,rohan,2025-02-12,2025-03-03,5.5
437,"When possible, need to review the proble","When possible, need to review the problem affecting user profile performance",Backend,Medium,arjun,2025-09-27,2025-10-07,10.9
438,Users report notifications stops respond,Users report notifications stops responding during multiple,Bug,High,sneha,2025-05-20,2025-05-28,2.7
439,Requesting new option for user profile d,Requesting new option for user profile during mobile,Feature Request,Urgent,neha,2025-08-11,2025-08-16,4.9
440,Please prioritize — configure auto-scali,Please prioritize — configure auto-scaling for reporting during peak peak load,DevOps,High,rohan,2025-05-14,2025-05-19,15.5
441,Whenever convenient — users report notif,Whenever convenient — users report notifications stops responding during monthly,Testing,Low,arjun,2025-09-02,2025-09-23,8.3
442,Increase test coverage for user profile ,Increase test coverage for user profile edge cases,Testing,Medium,priya,2025-08-12,2025-08-24,3.1
443,Requesting new option for notifications ,Requesting new option for notifications during peak load,Feature Request,Medium,neha,2025-09-22,2025-10-05,7.8
444,Deployment task affecting search during ,Deployment task affecting search during monthly,DevOps,Medium,neha,2025-05-29,2025-06-07,1.1
445,Improve accessibility of reporting form ,Improve accessibility of reporting form fields,Feature Request,Medium,rohan,2025-04-06,2025-04-15,4.7
446,"No rush, but need to review the issue ex","No rush, but need to review the issue explaining payment setup",Documentation,Low,sneha,2025-08-04,2025-08-25,7.8
447,"No rush, but update API docs for the pay","No rush, but update API docs for the payment endpoint",Feature Request,Low,rohan,2025-04-03,2025-04-23,6.6
448,Write unit tests for notifications modul,Write unit tests for notifications module,Testing,Medium,sneha,2025-01-18,2025-01-28,7.8
449,Blocking release — deployment ticket aff,Blocking release — deployment ticket affecting user profile during signup,DevOps,Urgent,neha,2025-03-23,2025-03-24,9.0
450,High priority: add caching layer to auth,High priority: add caching layer to auth API,Backend,High,priya,2025-04-22,2025-04-26,7.0
451,High priority: set up CI/CD pipeline for,High priority: set up CI/CD pipeline for notifications service,Backend,High,neha,2025-10-25,2025-11-01,6.9
452,Optimize database query for user profile,Optimize database query for user profile table,Backend,Medium,rohan,2025-01-31,2025-02-09,5.8
453,"When possible, deployment ticket affecti","When possible, deployment ticket affecting payment during monthly",DevOps,Medium,neha,2025-06-27,2025-07-09,1.9
454,Add notification system for multiple eve,Add notification system for multiple events,Feature Request,Low,rohan,2025-08-13,2025-09-05,10.3
455,Refactor user profile service to reduce ,Refactor user profile service to reduce latency during mobile,Backend,High,arjun,2025-10-11,2025-10-16,4.8
456,"When possible, add caching layer to sear","When possible, add caching layer to search API",Backend,Medium,vikram,2025-04-05,2025-04-14,8.1
457,QA found problem in search during checko,QA found problem in search during checkout,Testing,Medium,neha,2025-04-08,2025-04-21,9.6
458,High priority: fix alignment issue on se,High priority: fix alignment issue on search page for mobile screen size,UI/UX,High,priya,2025-02-04,2025-02-08,3.3
459,Time-sensitive — implement export to CSV,Time-sensitive — implement export to CSV for admin reports,Feature Request,High,vikram,2025-09-08,2025-09-16,3.5
460,Set up CI/CD pipeline for user profile s,Set up CI/CD pipeline for user profile service,DevOps,High,sneha,2025-09-09,2025-09-13,3.9
461,Time-sensitive — increase test coverage ,Time-sensitive — increase test coverage for auth edge cases,DevOps,High,neha,2025-09-28,2025-10-02,11.6
462,Application crashes when checkout is cli,Application crashes when checkout is clicked on the reporting page,Bug,Urgent,vikram,2025-04-08,2025-04-10,2.3
463,"When possible, fix broken deployment on ","When possible, fix broken deployment on mobile server",DevOps,Medium,arjun,2025-08-23,2025-09-04,13.0
464,Time-sensitive — please handle the probl,Time-sensitive — please handle the problem to support reporting customization,Feature Request,High,vikram,2025-06-30,2025-07-06,5.8
465,Need to investigate the case explaining ,Need to investigate the case explaining auth setup,Documentation,Medium,priya,2025-10-16,2025-10-29,6.1
466,High priority: improve accessibility of ,High priority: improve accessibility of admin form fields,UI/UX,High,priya,2025-01-09,2025-01-17,9.3
467,Write onboarding guide for notifications,Write onboarding guide for notifications module,Documentation,Low,vikram,2025-05-22,2025-06-14,5.3
468,High priority: server-side payment logic,High priority: server-side payment logic fails under checkout,Backend,High,priya,2025-10-26,2025-10-31,10.4
469,Update API docs for the admin endpoint,Update API docs for the admin endpoint,Documentation,Medium,neha,2025-03-30,2025-04-11,3.3
470,Set up CI/CD pipeline for auth service,Set up CI/CD pipeline for auth service,DevOps,High,rohan,2025-02-10,2025-02-14,12.7
471,Need to update the case explaining notif,Need to update the case explaining notifications setup,Documentation,High,arjun,2025-01-06,2025-01-13,3.5
472,Document deployment steps for mobile env,Document deployment steps for mobile environment,Documentation,Medium,vikram,2025-07-21,2025-08-02,13.0
473,High priority: refactor search service t,High priority: refactor search service to reduce latency during peak load,Backend,High,sneha,2025-01-26,2025-02-03,3.5
474,Whenever convenient — docs missing for n,Whenever convenient — docs missing for notifications configuration under peak load,Documentation,Low,priya,2025-07-22,2025-08-14,4.0
475,Server-side user profile logic fails und,Server-side user profile logic fails under checkout,Backend,High,arjun,2025-10-22,2025-10-26,2.0
476,High priority: configure auto-scaling fo,High priority: configure auto-scaling for user profile during peak multiple,DevOps,High,vikram,2025-03-28,2025-04-03,2.6
477,Need to address the issue around user pr,Need to address the issue around user profile test failures,Testing,Urgent,neha,2025-07-11,2025-07-13,4.9
478,Write unit tests for reporting module,Write unit tests for reporting module,Testing,Low,rohan,2025-06-25,2025-07-14,6.0
479,Improve accessibility of auth form field,Improve accessibility of auth form fields,UI/UX,Medium,sneha,2025-03-14,2025-03-23,9.9
480,Blocking release — server-side search lo,Blocking release — server-side search logic fails under submit button,DevOps,Urgent,neha,2025-02-04,2025-02-08,4.2
481,Document deployment steps for monthly en,Document deployment steps for monthly environment,Documentation,Medium,vikram,2025-04-29,2025-05-11,6.6
482,"No rush, but configure auto-scaling for ","No rush, but configure auto-scaling for notifications during peak peak load",DevOps,Low,priya,2025-01-12,2025-01-31,5.7
483,Need to check the issue affecting auth p,Need to check the issue affecting auth performance,Backend,Medium,vikram,2025-06-04,2025-06-14,7.2
484,Document deployment steps for peak load ,Document deployment steps for peak load environment,Documentation,Medium,neha,2025-06-24,2025-07-06,2.9
485,Low priority — add notification system f,Low priority — add notification system for mobile events,Feature Request,Low,rohan,2025-06-09,2025-07-02,3.2
486,"When possible, fix alignment issue on us","When possible, fix alignment issue on user profile page for signup screen size",UI/UX,Medium,sneha,2025-09-26,2025-10-06,2.9
487,Whenever convenient — qA found request i,Whenever convenient — qA found request in search during checkout,Testing,Low,neha,2025-06-12,2025-07-02,11.2
488,Data not saving correctly when peak load,Data not saving correctly when peak load is submitted,Bug,Urgent,priya,2025-05-21,2025-05-23,12.8
489,Application crashes when monthly is clic,Application crashes when monthly is clicked on the reporting page,Bug,Medium,rohan,2025-04-29,2025-05-08,3.1
490,High priority: data not saving correctly,High priority: data not saving correctly when checkout is submitted,Bug,High,priya,2025-09-09,2025-09-16,3.2
491,Add dark mode support to the notificatio,Add dark mode support to the notifications page,Feature Request,Low,arjun,2025-04-14,2025-05-04,7.9
492,Please prioritize — add notification sys,Please prioritize — add notification system for monthly events,Feature Request,High,arjun,2025-08-07,2025-08-14,13.7
493,Need to investigate the request affectin,Need to investigate the request affecting search performance,Backend,High,neha,2025-10-02,2025-10-10,15.7
494,Deployment case affecting admin during s,Deployment case affecting admin during submit button,DevOps,Urgent,vikram,2025-05-06,2025-05-11,3.0
495,ASAP — redesign the admin dashboard for ,ASAP — redesign the admin dashboard for better readability,UI/UX,Urgent,priya,2025-05-27,2025-05-31,3.6
496,Redesign the reporting dashboard for bet,Redesign the reporting dashboard for better readability,UI/UX,Medium,priya,2025-09-14,2025-09-23,6.2
497,QA found item in admin during checkout,QA found item in admin during checkout,Testing,Medium,arjun,2025-04-14,2025-04-26,6.4
498,"No rush, but write onboarding guide for ","No rush, but write onboarding guide for auth module",Documentation,Low,neha,2025-02-13,2025-03-08,4.3
499,High priority: visual inconsistency on u,High priority: visual inconsistency on user profile during mobile,UI/UX,High,priya,2025-10-17,2025-10-22,2.5
500,Write unit tests for search module,Write unit tests for search module,Testing,Low,priya,2025-04-03,2025-04-22,4.9
501,Low priority — allow users to filter adm,Low priority — allow users to filter admin by submit button,Feature Request,Low,priya,2025-09-10,2025-09-30,15.7
502,High priority: need to update the reques,High priority: need to update the request affecting admin performance,Backend,High,neha,2025-05-23,2025-05-31,3.3
503,High priority: refactor user profile ser,High priority: refactor user profile service to reduce latency during submit button,Backend,High,vikram,2025-01-17,2025-01-25,5.9
504,"No rush, but update API docs for the pay","No rush, but update API docs for the payment endpoint",Documentation,Low,priya,2025-10-21,2025-11-13,22.6
505,Please prioritize — improve accessibilit,Please prioritize — improve accessibility of payment form fields,UI/UX,High,arjun,2025-08-07,2025-08-15,3.2
506,Whenever convenient — update API docs fo,Whenever convenient — update API docs for the notifications endpoint,Documentation,Low,arjun,2025-04-18,2025-05-11,8.1
507,Time-sensitive — unexpected behavior in ,Time-sensitive — unexpected behavior in payment when using mobile,Bug,High,vikram,2025-06-12,2025-06-18,16.1
508,Add caching layer to reporting API,Add caching layer to reporting API,Backend,Urgent,priya,2025-04-03,2025-04-08,7.7
509,Fix broken deployment on submit button s,Fix broken deployment on submit button server,DevOps,Medium,sneha,2025-04-17,2025-04-30,10.6
510,Whenever convenient — improve accessibil,Whenever convenient — improve accessibility of notifications form fields,UI/UX,Low,rohan,2025-02-04,2025-02-25,8.9
511,Time-sensitive — optimize database query,Time-sensitive — optimize database query for auth table,Backend,High,priya,2025-01-15,2025-01-20,7.2
512,Need to fix the problem explaining notif,Need to fix the problem explaining notifications setup,Documentation,Medium,sneha,2025-10-02,2025-10-13,12.5
513,Write unit tests for reporting module,Write unit tests for reporting module,Testing,High,priya,2025-10-02,2025-10-06,8.0
514,Please prioritize — add caching layer to,Please prioritize — add caching layer to user profile API,Backend,High,vikram,2025-03-26,2025-04-03,4.4
515,Redesign the notifications dashboard for,Redesign the notifications dashboard for better readability,UI/UX,Low,arjun,2025-05-20,2025-06-11,5.6
516,High priority: improve accessibility of ,High priority: improve accessibility of notifications form fields,UI/UX,High,arjun,2025-01-20,2025-01-25,6.6
517,Please review the item layout for user p,Please review the item layout for user profile,UI/UX,Medium,rohan,2025-09-26,2025-10-07,3.6
518,Add dark mode support to the reporting p,Add dark mode support to the reporting page,Feature Request,High,arjun,2025-09-25,2025-09-29,5.8
519,Docs missing for payment configuration u,Docs missing for payment configuration under monthly,Documentation,High,vikram,2025-06-09,2025-06-13,5.2
520,Fix flaky integration test in user profi,Fix flaky integration test in user profile during multiple,Testing,Medium,priya,2025-03-02,2025-03-13,7.9
521,Whenever convenient — add dark mode supp,Whenever convenient — add dark mode support to the reporting page,Feature Request,Low,vikram,2025-03-14,2025-04-04,18.9
522,"No rush, but allow users to filter searc","No rush, but allow users to filter search by mobile",Feature Request,Low,sneha,2025-01-26,2025-02-14,6.0
523,"No rush, but data not saving correctly w","No rush, but data not saving correctly when checkout is submitted",Bug,Low,sneha,2025-10-01,2025-10-20,13.9
524,"No rush, but need to resolve the problem","No rush, but need to resolve the problem affecting admin performance",Backend,Low,vikram,2025-04-25,2025-05-15,7.7
525,Need to handle the case explaining auth ,Need to handle the case explaining auth setup,Documentation,High,arjun,2025-09-07,2025-09-11,5.8
526,Please check the item layout for notific,Please check the item layout for notifications,UI/UX,Low,arjun,2025-03-07,2025-03-30,3.5
527,Please prioritize — redesign the reporti,Please prioritize — redesign the reporting dashboard for better readability,UI/UX,High,vikram,2025-07-31,2025-08-05,5.8
528,Add notification system for peak load ev,Add notification system for peak load events,Feature Request,Medium,rohan,2025-08-11,2025-08-24,5.5
529,Refactor auth service to reduce latency ,Refactor auth service to reduce latency during signup,Backend,High,vikram,2025-09-07,2025-09-11,2.7
530,Server-side notifications logic fails un,Server-side notifications logic fails under submit button,DevOps,Medium,sneha,2025-07-14,2025-07-25,3.1
531,Set up CI/CD pipeline for notifications ,Set up CI/CD pipeline for notifications service,DevOps,High,neha,2025-01-01,2025-01-06,6.6
532,Allow users to filter reporting by peak ,Allow users to filter reporting by peak load,Feature Request,Medium,neha,2025-06-05,2025-06-17,13.8
533,Blocking release — docs missing for repo,Blocking release — docs missing for reporting configuration under submit button,Feature Request,Urgent,rohan,2025-01-01,2025-01-06,4.7
534,Blocking release — users report user pro,Blocking release — users report user profile stops responding during submit button,Bug,Urgent,sneha,2025-07-27,2025-07-31,1.2
535,Refactor user profile service to reduce ,Refactor user profile service to reduce latency during peak load,Backend,Medium,neha,2025-03-20,2025-03-31,2.0
536,Add dark mode support to the payment pag,Add dark mode support to the payment page,Feature Request,Low,priya,2025-03-11,2025-03-30,8.3
537,ASAP — please investigate the request re,ASAP — please investigate the request related to auth infrastructure,DevOps,Urgent,rohan,2025-08-19,2025-08-23,1.5
538,Please address the case to support repor,Please address the case to support reporting customization,Feature Request,Low,vikram,2025-05-18,2025-06-09,9.2
539,"When possible, optimize database query f","When possible, optimize database query for admin table",Backend,Medium,sneha,2025-09-27,2025-10-08,8.0
540,Server-side user profile logic fails und,Server-side user profile logic fails under submit button,Backend,Low,vikram,2025-02-09,2025-03-04,4.6
541,Document deployment steps for mobile env,Document deployment steps for mobile environment,Documentation,Medium,rohan,2025-06-19,2025-07-01,2.8
542,Fix flaky integration test in auth durin,Fix flaky integration test in auth during submit button,Testing,Medium,priya,2025-08-31,2025-09-13,4.1
543,Low priority — add caching layer to auth,Low priority — add caching layer to auth API,Backend,Low,priya,2025-05-23,2025-06-13,6.5
544,"When possible, add caching layer to auth","When possible, add caching layer to auth API",Backend,Medium,priya,2025-08-17,2025-08-28,1.6
545,Write onboarding guide for user profile ,Write onboarding guide for user profile module,Documentation,Medium,sneha,2025-03-20,2025-04-01,12.9
546,Need to check the task around auth test ,Need to check the task around auth test failures,DevOps,Medium,priya,2025-03-01,2025-03-10,6.4
547,Improve accessibility of auth form field,Improve accessibility of auth form fields,UI/UX,Medium,sneha,2025-03-16,2025-03-29,7.0
548,Users report admin stops responding duri,Users report admin stops responding during peak load,Bug,Medium,sneha,2025-09-30,2025-10-11,7.9
549,ASAP — add caching layer to search API,ASAP — add caching layer to search API,Backend,Urgent,priya,2025-05-04,2025-05-09,12.1
550,Refactor reporting service to reduce lat,Refactor reporting service to reduce latency during multiple,DevOps,Medium,neha,2025-09-26,2025-10-05,5.8
551,Improve accessibility of user profile fo,Improve accessibility of user profile form fields,UI/UX,Medium,neha,2025-04-22,2025-05-05,8.3
552,Time-sensitive — application crashes whe,Time-sensitive — application crashes when submit button is clicked on the notifications page,Bug,High,neha,2025-04-05,2025-04-09,2.8
553,Add notification system for signup event,Add notification system for signup events,Feature Request,Low,priya,2025-06-15,2025-07-06,15.7
554,"No rush, but write unit tests for admin ","No rush, but write unit tests for admin module",Testing,Low,priya,2025-02-05,2025-02-27,5.5
555,Need to investigate the task affecting u,Need to investigate the task affecting user profile performance,Backend,Medium,arjun,2025-05-13,2025-05-22,2.8
556,Unexpected behavior in notifications whe,Unexpected behavior in notifications when using multiple,Bug,Low,neha,2025-01-01,2025-01-20,3.5
557,Improve accessibility of reporting form ,Improve accessibility of reporting form fields,UI/UX,Medium,sneha,2025-09-02,2025-09-14,0.7
558,Write unit tests for user profile module,Write unit tests for user profile module,Testing,High,vikram,2025-09-04,2025-09-08,3.4
559,URGENT: add caching layer to auth API,URGENT: add caching layer to auth API,Backend,Urgent,sneha,2025-06-24,2025-06-25,0.3
560,Please prioritize — fix flaky integratio,Please prioritize — fix flaky integration test in reporting during checkout,Testing,High,sneha,2025-02-24,2025-03-02,8.7
561,Critical — data not saving correctly whe,Critical — data not saving correctly when signup is submitted,Bug,Urgent,neha,2025-02-02,2025-02-07,6.8
562,Whenever convenient — need to handle the,Whenever convenient — need to handle the issue explaining payment setup,Feature Request,Low,sneha,2025-04-19,2025-05-12,2.1
563,Critical — deployment issue affecting au,Critical — deployment issue affecting auth during checkout,DevOps,Urgent,vikram,2025-01-10,2025-01-14,4.8
564,Unexpected behavior in payment when usin,Unexpected behavior in payment when using checkout,Bug,Medium,vikram,2025-02-19,2025-03-03,5.0
565,Time-sensitive — add dark mode support t,Time-sensitive — add dark mode support to the notifications page,Feature Request,High,rohan,2025-04-14,2025-04-21,1.7
566,Need to check the item around payment te,Need to check the item around payment test failures,Testing,High,priya,2025-01-24,2025-02-01,4.2
567,Whenever convenient — document deploymen,Whenever convenient — document deployment steps for checkout environment,Documentation,Low,arjun,2025-05-05,2025-05-28,5.1
568,Requesting new option for admin during m,Requesting new option for admin during mobile,Feature Request,Low,arjun,2025-01-04,2025-01-24,4.1
569,High priority: configure auto-scaling fo,High priority: configure auto-scaling for auth during peak peak load,DevOps,High,sneha,2025-09-25,2025-10-02,2.8
570,High priority: please check the problem ,High priority: please check the problem to support payment customization,Feature Request,High,sneha,2025-06-04,2025-06-10,2.0
571,Time-sensitive — login fails with error ,Time-sensitive — login fails with error 500 after submit button attempts,Bug,High,rohan,2025-08-26,2025-08-31,4.0
572,"When possible, users report auth stops r","When possible, users report auth stops responding during checkout",Bug,Medium,rohan,2025-01-28,2025-02-08,3.1
573,Allow users to filter notifications by m,Allow users to filter notifications by mobile,Feature Request,Medium,arjun,2025-04-01,2025-04-11,7.6
574,Redesign the auth dashboard for better r,Redesign the auth dashboard for better readability,UI/UX,Medium,arjun,2025-06-16,2025-06-26,12.6
575,Write onboarding guide for admin module,Write onboarding guide for admin module,Feature Request,Low,priya,2025-01-28,2025-02-19,9.5
576,High priority: add notification system f,High priority: add notification system for checkout events,Feature Request,High,rohan,2025-05-19,2025-05-24,5.2
577,Please check the issue to support search,Please check the issue to support search customization,Feature Request,Low,priya,2025-03-29,2025-04-19,2.9
578,"When possible, docs missing for reportin","When possible, docs missing for reporting configuration under checkout",Documentation,Medium,sneha,2025-04-21,2025-05-04,9.3
579,"When possible, write unit tests for admi","When possible, write unit tests for admin module",Testing,Medium,arjun,2025-03-18,2025-03-31,7.9
580,ASAP — redesign the auth dashboard for b,ASAP — redesign the auth dashboard for better readability,UI/UX,Urgent,sneha,2025-02-20,2025-02-24,12.0
581,"No rush, but add dark mode support to th","No rush, but add dark mode support to the auth page",Feature Request,Low,sneha,2025-02-16,2025-03-07,5.8
582,Please fix the ticket related to reporti,Please fix the ticket related to reporting infrastructure,DevOps,Medium,rohan,2025-07-27,2025-08-06,15.2
583,Set up CI/CD pipeline for auth service,Set up CI/CD pipeline for auth service,DevOps,High,sneha,2025-01-17,2025-01-23,5.8
584,"When possible, qA found case in reportin","When possible, qA found case in reporting during mobile",Testing,Medium,neha,2025-01-29,2025-02-11,2.9
585,Please prioritize — update API docs for ,Please prioritize — update API docs for the search endpoint,Documentation,High,vikram,2025-10-14,2025-10-18,3.4
586,Critical — fix broken deployment on mult,Critical — fix broken deployment on multiple server,DevOps,Urgent,rohan,2025-04-26,2025-04-29,7.3
587,Need to update the item explaining payme,Need to update the item explaining payment setup,Documentation,Medium,neha,2025-03-04,2025-03-16,3.1
588,Time-sensitive — server-side admin logic,Time-sensitive — server-side admin logic fails under multiple,Backend,High,sneha,2025-02-03,2025-02-08,15.1
589,Whenever convenient — login fails with e,Whenever convenient — login fails with error 500 after multiple attempts,Bug,Low,vikram,2025-03-19,2025-04-08,6.9
590,"No rush, but please check the ticket rel","No rush, but please check the ticket related to reporting infrastructure",DevOps,Low,priya,2025-01-11,2025-02-01,5.1
591,Whenever convenient — users report notif,Whenever convenient — users report notifications stops responding during checkout,Bug,Low,vikram,2025-06-17,2025-07-09,5.5
592,Please prioritize — deployment request a,Please prioritize — deployment request affecting admin during peak load,DevOps,High,sneha,2025-05-14,2025-05-19,4.1
593,Update API docs for the search endpoint,Update API docs for the search endpoint,Documentation,Urgent,rohan,2025-03-24,2025-03-29,0.9
594,URGENT: requesting new option for auth d,URGENT: requesting new option for auth during signup,Feature Request,Urgent,sneha,2025-10-22,2025-10-24,3.4
595,"No rush, but write onboarding guide for ","No rush, but write onboarding guide for auth module",Documentation,Low,priya,2025-08-18,2025-09-10,13.9
596,Optimize database query for admin table,Optimize database query for admin table,Backend,Medium,rohan,2025-10-07,2025-10-20,5.9
597,ASAP — please check the case related to ,ASAP — please check the case related to notifications infrastructure,DevOps,Urgent,arjun,2025-02-27,2025-03-03,10.3
598,Add dark mode support to the payment pag,Add dark mode support to the payment page,Feature Request,Medium,arjun,2025-02-17,2025-02-28,10.4
599,Time-sensitive — server-side user profil,Time-sensitive — server-side user profile logic fails under mobile,Backend,High,sneha,2025-02-14,2025-02-22,4.9
600,Please fix the problem to support report,Please fix the problem to support reporting customization,Feature Request,Medium,sneha,2025-08-07,2025-08-18,8.0
601,Low priority — document deployment steps,Low priority — document deployment steps for multiple environment,Documentation,Low,sneha,2025-08-16,2025-09-07,1.0
602,Low priority — need to check the case ex,Low priority — need to check the case explaining admin setup,Documentation,Low,vikram,2025-06-05,2025-06-27,13.2
603,"No rush, but docs missing for admin conf","No rush, but docs missing for admin configuration under monthly",Documentation,Low,neha,2025-10-12,2025-11-03,12.5
604,High priority: refactor user profile ser,High priority: refactor user profile service to reduce latency during checkout,Backend,High,rohan,2025-06-04,2025-06-12,7.2
605,"When possible, please fix the task layou","When possible, please fix the task layout for payment",UI/UX,Medium,neha,2025-08-30,2025-09-08,6.1
606,Blocking release — please review the iss,Blocking release — please review the issue related to admin infrastructure,DevOps,Urgent,neha,2025-02-04,2025-02-09,4.9
607,"When possible, docs missing for notifica","When possible, docs missing for notifications configuration under peak load",Documentation,Medium,neha,2025-07-11,2025-07-24,11.1
608,Whenever convenient — add caching layer ,Whenever convenient — add caching layer to reporting API,Backend,Low,rohan,2025-03-25,2025-04-13,8.6
609,Low priority — document deployment steps,Low priority — document deployment steps for submit button environment,Documentation,Low,vikram,2025-04-04,2025-04-23,3.7
610,Whenever convenient — increase test cove,Whenever convenient — increase test coverage for search edge cases,Testing,Low,rohan,2025-10-01,2025-10-24,1.8
611,"No rush, but fix flaky integration test ","No rush, but fix flaky integration test in search during mobile",Testing,Low,priya,2025-03-25,2025-04-13,1.5
612,Implement export to CSV for reporting re,Implement export to CSV for reporting reports,Feature Request,Medium,sneha,2025-03-09,2025-03-18,11.0
613,"No rush, but document deployment steps f","No rush, but document deployment steps for checkout environment",Documentation,Low,neha,2025-06-05,2025-06-24,4.8
614,Low priority — fix flaky integration tes,Low priority — fix flaky integration test in auth during monthly,Testing,Low,neha,2025-02-10,2025-03-04,7.1
615,High priority: write unit tests for noti,High priority: write unit tests for notifications module,Testing,High,arjun,2025-09-20,2025-09-28,5.3
616,Low priority — improve accessibility of ,Low priority — improve accessibility of payment form fields,UI/UX,Low,priya,2025-04-16,2025-05-09,1.5
617,Add dark mode support to the user profil,Add dark mode support to the user profile page,Feature Request,Medium,vikram,2025-05-04,2025-05-17,1.1
618,"No rush, but need to review the problem ","No rush, but need to review the problem where payment breaks under monthly",Bug,Low,neha,2025-10-03,2025-10-22,3.5
619,Critical — need to address the item wher,Critical — need to address the item where auth breaks under monthly,Bug,Urgent,rohan,2025-02-24,2025-02-26,3.8
620,Visual inconsistency on admin during che,Visual inconsistency on admin during checkout,UI/UX,Medium,priya,2025-02-26,2025-03-11,3.8
621,High priority: improve accessibility of ,High priority: improve accessibility of auth form fields,UI/UX,High,neha,2025-08-22,2025-08-30,3.9
622,Need to investigate the item explaining ,Need to investigate the item explaining reporting setup,Documentation,Medium,neha,2025-02-05,2025-02-17,18.1
623,Whenever convenient — need to investigat,Whenever convenient — need to investigate the ticket explaining payment setup,Documentation,Low,sneha,2025-03-15,2025-04-06,10.1
624,Set up CI/CD pipeline for user profile s,Set up CI/CD pipeline for user profile service,DevOps,High,priya,2025-07-26,2025-07-30,6.0
625,Need to resolve the case around notifica,Need to resolve the case around notifications test failures,Testing,Medium,sneha,2025-07-24,2025-08-04,4.7
626,Please resolve the task related to repor,Please resolve the task related to reporting infrastructure,DevOps,High,sneha,2025-05-09,2025-05-16,4.9
627,"When possible, implement export to CSV f","When possible, implement export to CSV for payment reports",UI/UX,Medium,neha,2025-07-15,2025-07-28,8.4
628,Docs missing for payment configuration u,Docs missing for payment configuration under mobile,Documentation,Low,rohan,2025-08-27,2025-09-16,4.7
629,Deployment case affecting reporting duri,Deployment case affecting reporting during multiple,DevOps,High,arjun,2025-01-17,2025-01-24,9.5
630,"When possible, please fix the issue layo","When possible, please fix the issue layout for admin",UI/UX,Medium,sneha,2025-06-05,2025-06-15,6.5
631,Whenever convenient — please update the ,Whenever convenient — please update the request layout for notifications,UI/UX,Low,sneha,2025-10-04,2025-10-27,18.2
632,Fix alignment issue on payment page for ,Fix alignment issue on payment page for mobile screen size,UI/UX,Medium,rohan,2025-06-30,2025-07-11,4.5
633,Application crashes when checkout is cli,Application crashes when checkout is clicked on the notifications page,Bug,Low,arjun,2025-06-24,2025-07-16,10.6
634,Improve accessibility of search form fie,Improve accessibility of search form fields,UI/UX,Medium,rohan,2025-02-13,2025-02-22,2.0
635,Application crashes when mobile is click,Application crashes when mobile is clicked on the search page,Bug,Medium,arjun,2025-08-04,2025-08-15,3.0
636,Please prioritize — set up CI/CD pipelin,Please prioritize — set up CI/CD pipeline for admin service,DevOps,High,sneha,2025-04-16,2025-04-22,16.7
637,Add caching layer to reporting API,Add caching layer to reporting API,Backend,High,priya,2025-02-08,2025-02-16,9.2
638,Document deployment steps for mobile env,Document deployment steps for mobile environment,Documentation,Low,vikram,2025-10-24,2025-11-12,7.2
639,Low priority — docs missing for reportin,Low priority — docs missing for reporting configuration under monthly,Documentation,Low,rohan,2025-06-04,2025-06-27,21.3
640,Improve accessibility of admin form fiel,Improve accessibility of admin form fields,UI/UX,Medium,arjun,2025-10-08,2025-10-18,4.8
641,Fix broken deployment on mobile server,Fix broken deployment on mobile server,DevOps,Urgent,neha,2025-08-28,2025-08-31,10.6
642,Please prioritize — need to fix the requ,Please prioritize — need to fix the request affecting auth performance,Backend,High,sneha,2025-03-19,2025-03-25,11.2
643,Redesign the user profile dashboard for ,Redesign the user profile dashboard for better readability,UI/UX,Medium,priya,2025-05-12,2025-05-25,14.4
644,Fix alignment issue on payment page for ,Fix alignment issue on payment page for checkout screen size,UI/UX,Low,sneha,2025-10-14,2025-11-05,1.7
645,Blocking release — fix broken deployment,Blocking release — fix broken deployment on checkout server,DevOps,Urgent,neha,2025-04-01,2025-04-02,4.8
646,High priority: redesign the payment dash,High priority: redesign the payment dashboard for better readability,UI/UX,High,neha,2025-07-28,2025-08-03,6.4
647,URGENT: please check the task related to,URGENT: please check the task related to auth infrastructure,DevOps,Urgent,rohan,2025-10-25,2025-10-30,14.2
648,Fix alignment issue on payment page for ,Fix alignment issue on payment page for mobile screen size,UI/UX,High,priya,2025-05-01,2025-05-08,7.0
649,Implement export to CSV for admin report,Implement export to CSV for admin reports,UI/UX,Low,vikram,2025-02-27,2025-03-20,11.2
650,Fix alignment issue on notifications pag,Fix alignment issue on notifications page for multiple screen size,UI/UX,Medium,arjun,2025-01-11,2025-01-24,1.6
651,Please prioritize — write unit tests for,Please prioritize — write unit tests for notifications module,Testing,High,vikram,2025-07-05,2025-07-09,3.9
652,Need to investigate the item around paym,Need to investigate the item around payment test failures,Testing,Medium,neha,2025-03-24,2025-04-05,12.4
653,Please prioritize — need to resolve the ,Please prioritize — need to resolve the case explaining payment setup,Documentation,High,neha,2025-07-31,2025-08-06,4.4
654,Please prioritize — redesign the user pr,Please prioritize — redesign the user profile dashboard for better readability,UI/UX,High,sneha,2025-10-08,2025-10-14,5.1
655,Whenever convenient — set up CI/CD pipel,Whenever convenient — set up CI/CD pipeline for auth service,DevOps,Low,neha,2025-07-25,2025-08-14,14.1
656,Update API docs for the user profile end,Update API docs for the user profile endpoint,Documentation,Low,neha,2025-03-08,2025-03-31,2.4
657,Time-sensitive — improve accessibility o,Time-sensitive — improve accessibility of admin form fields,UI/UX,High,arjun,2025-05-25,2025-05-30,2.9
658,Please review the issue layout for notif,Please review the issue layout for notifications,UI/UX,Medium,sneha,2025-04-28,2025-05-07,1.4
659,Low priority — implement export to CSV f,Low priority — implement export to CSV for admin reports,Feature Request,Low,arjun,2025-03-29,2025-04-21,14.4
660,High priority: data not saving correctly,High priority: data not saving correctly when monthly is submitted,Bug,High,neha,2025-05-17,2025-05-23,10.0
661,"When possible, please review the case la","When possible, please review the case layout for user profile",UI/UX,Medium,priya,2025-04-03,2025-04-15,9.8
662,"When possible, memory leak detected in r","When possible, memory leak detected in reporting module during checkout",Bug,Medium,sneha,2025-02-13,2025-02-22,3.8
663,Please prioritize — requesting new optio,Please prioritize — requesting new option for auth during peak load,Feature Request,High,arjun,2025-05-12,2025-05-16,1.3
664,Add caching layer to admin API,Add caching layer to admin API,Backend,Low,rohan,2025-01-24,2025-02-12,1.0
665,Add caching layer to auth API,Add caching layer to auth API,Backend,High,rohan,2025-10-25,2025-10-30,12.5
666,Allow users to filter user profile by pe,Allow users to filter user profile by peak load,Feature Request,Medium,rohan,2025-05-14,2025-05-23,7.5
667,ASAP — data not saving correctly when mo,ASAP — data not saving correctly when monthly is submitted,Bug,Urgent,rohan,2025-05-15,2025-05-20,8.6
668,Refactor auth service to reduce latency ,Refactor auth service to reduce latency during multiple,Backend,Medium,priya,2025-08-14,2025-08-23,6.2
669,Implement export to CSV for admin report,Implement export to CSV for admin reports,Feature Request,Low,sneha,2025-09-11,2025-09-30,2.6
670,Docs missing for admin configuration und,Docs missing for admin configuration under peak load,Documentation,Urgent,arjun,2025-03-05,2025-03-08,4.0
671,Implement export to CSV for user profile,Implement export to CSV for user profile reports,Feature Request,High,vikram,2025-10-26,2025-10-30,2.1
672,Need to address the problem around user ,Need to address the problem around user profile test failures,Bug,Medium,vikram,2025-07-21,2025-08-01,1.8
673,Login fails with error 500 after submit ,Login fails with error 500 after submit button attempts,Bug,Urgent,neha,2025-05-18,2025-05-23,9.5
674,Application crashes when signup is click,Application crashes when signup is clicked on the reporting page,Bug,Medium,priya,2025-10-19,2025-10-29,1.1
675,Whenever convenient — increase test cove,Whenever convenient — increase test coverage for notifications edge cases,Testing,Low,priya,2025-07-24,2025-08-14,2.1
676,ASAP — add notification system for submi,ASAP — add notification system for submit button events,Feature Request,Urgent,rohan,2025-03-20,2025-03-21,4.2
677,Please prioritize — improve accessibilit,Please prioritize — improve accessibility of reporting form fields,UI/UX,High,sneha,2025-09-08,2025-09-15,5.4
678,Visual inconsistency on payment during p,Visual inconsistency on payment during peak load,UI/UX,Medium,arjun,2025-08-07,2025-08-16,1.4
679,"When possible, need to check the ticket ","When possible, need to check the ticket affecting user profile performance",Backend,Medium,sneha,2025-05-29,2025-06-10,6.9
680,Data not saving correctly when multiple ,Data not saving correctly when multiple is submitted,Bug,Urgent,rohan,2025-09-25,2025-09-29,5.9
681,Low priority — optimize database query f,Low priority — optimize database query for reporting table,Backend,Low,rohan,2025-10-19,2025-11-09,12.4
682,Docs missing for payment configuration u,Docs missing for payment configuration under submit button,Documentation,Medium,sneha,2025-01-24,2025-02-02,5.5
683,Deployment request affecting admin durin,Deployment request affecting admin during signup,DevOps,Medium,priya,2025-04-06,2025-04-16,7.4
684,High priority: need to update the ticket,High priority: need to update the ticket where notifications breaks under multiple,Bug,High,neha,2025-01-07,2025-01-12,2.7
685,"When possible, please address the item l","When possible, please address the item layout for auth",UI/UX,Medium,arjun,2025-07-22,2025-08-02,2.8
686,Implement export to CSV for notification,Implement export to CSV for notifications reports,Feature Request,Low,neha,2025-04-18,2025-05-10,1.6
687,Add notification system for monthly even,Add notification system for monthly events,Feature Request,Medium,arjun,2025-08-05,2025-08-14,2.8
688,Please prioritize — requesting new optio,Please prioritize — requesting new option for admin during signup,Feature Request,High,vikram,2025-04-14,2025-04-20,3.9
689,Write unit tests for payment module,Write unit tests for payment module,Testing,High,neha,2025-08-01,2025-08-08,11.6
690,Time-sensitive — server-side payment log,Time-sensitive — server-side payment logic fails under multiple,Backend,High,neha,2025-09-07,2025-09-12,2.4
691,Data not saving correctly when mobile is,Data not saving correctly when mobile is submitted,Bug,High,sneha,2025-08-31,2025-09-04,18.8
692,Critical — add caching layer to auth API,Critical — add caching layer to auth API,Backend,Urgent,vikram,2025-08-13,2025-08-15,7.9
693,Requesting new option for reporting duri,Requesting new option for reporting during multiple,Feature Request,Medium,neha,2025-07-19,2025-07-31,6.8
694,URGENT: please check the request related,URGENT: please check the request related to notifications infrastructure,DevOps,Urgent,priya,2025-03-08,2025-03-10,5.2
695,"When possible, add dark mode support to ","When possible, add dark mode support to the admin page",UI/UX,Medium,rohan,2025-07-03,2025-07-14,4.5
696,"When possible, deployment item affecting","When possible, deployment item affecting notifications during submit button",DevOps,Medium,sneha,2025-10-15,2025-10-25,3.1
697,Document deployment steps for monthly en,Document deployment steps for monthly environment,Documentation,Urgent,sneha,2025-02-23,2025-02-24,1.3
698,"When possible, write unit tests for noti","When possible, write unit tests for notifications module",Testing,Medium,rohan,2025-03-02,2025-03-12,2.5
699,Requesting new option for notifications ,Requesting new option for notifications during peak load,Feature Request,Medium,priya,2025-07-06,2025-07-17,14.4
700,Data not saving correctly when peak load,Data not saving correctly when peak load is submitted,Bug,Urgent,priya,2025-05-27,2025-06-01,7.5
701,Unexpected behavior in admin when using ,Unexpected behavior in admin when using monthly,Bug,Medium,priya,2025-09-29,2025-10-11,14.3
702,High priority: add notification system f,High priority: add notification system for peak load events,Feature Request,High,arjun,2025-09-22,2025-09-26,3.1
703,Whenever convenient — write onboarding g,Whenever convenient — write onboarding guide for payment module,Documentation,Low,neha,2025-10-22,2025-11-10,2.0
704,Deployment problem affecting admin durin,Deployment problem affecting admin during multiple,DevOps,Urgent,arjun,2025-06-10,2025-06-13,5.1
705,"When possible, qA found ticket in user p","When possible, qA found ticket in user profile during mobile",Testing,Medium,neha,2025-08-15,2025-08-26,2.6
706,Improve accessibility of payment form fi,Improve accessibility of payment form fields,UI/UX,High,vikram,2025-03-06,2025-03-14,6.0
707,Low priority — docs missing for search c,Low priority — docs missing for search configuration under mobile,Feature Request,Low,neha,2025-05-04,2025-05-25,1.1
708,Blocking release — redesign the payment ,Blocking release — redesign the payment dashboard for better readability,UI/UX,Urgent,rohan,2025-03-05,2025-03-09,0.6
709,Time-sensitive — need to review the item,Time-sensitive — need to review the item affecting user profile performance,Backend,High,neha,2025-10-21,2025-10-26,6.6
710,Fix alignment issue on search page for s,Fix alignment issue on search page for submit button screen size,UI/UX,Medium,sneha,2025-03-17,2025-03-29,14.7
711,Whenever convenient — data not saving co,Whenever convenient — data not saving correctly when checkout is submitted,Bug,Low,sneha,2025-10-14,2025-11-06,6.8
712,Need to address the problem around admin,Need to address the problem around admin test failures,Testing,Medium,priya,2025-08-02,2025-08-12,7.5
713,"No rush, but need to update the problem ","No rush, but need to update the problem affecting auth performance",DevOps,Low,arjun,2025-10-14,2025-11-04,5.3
714,URGENT: optimize database query for sear,URGENT: optimize database query for search table,Backend,Urgent,rohan,2025-07-11,2025-07-14,5.7
715,Fix alignment issue on notifications pag,Fix alignment issue on notifications page for checkout screen size,UI/UX,Low,priya,2025-05-26,2025-06-15,1.3
716,Write unit tests for reporting module,Write unit tests for reporting module,Testing,High,vikram,2025-10-21,2025-10-27,2.7
717,Time-sensitive — please check the case l,Time-sensitive — please check the case layout for notifications,UI/UX,High,priya,2025-08-19,2025-08-26,11.5
718,Please prioritize — write unit tests for,Please prioritize — write unit tests for reporting module,Testing,High,neha,2025-01-24,2025-01-31,3.9
719,"When possible, write onboarding guide fo","When possible, write onboarding guide for payment module",Documentation,Medium,vikram,2025-04-09,2025-04-22,11.3
720,Server-side user profile logic fails und,Server-side user profile logic fails under mobile,Backend,High,arjun,2025-09-30,2025-10-05,5.6
721,Write onboarding guide for auth module,Write onboarding guide for auth module,Documentation,Medium,arjun,2025-07-25,2025-08-07,5.8
722,Time-sensitive — redesign the admin dash,Time-sensitive — redesign the admin dashboard for better readability,UI/UX,High,arjun,2025-05-12,2025-05-16,3.9
723,Please prioritize — memory leak detected,Please prioritize — memory leak detected in user profile module during checkout,Bug,High,vikram,2025-03-28,2025-04-01,8.3
724,"No rush, but update API docs for the adm","No rush, but update API docs for the admin endpoint",Documentation,Low,priya,2025-03-03,2025-03-22,9.7
725,Please prioritize — please investigate t,Please prioritize — please investigate the issue to support admin customization,Feature Request,High,sneha,2025-07-28,2025-08-01,2.5
726,Login fails with error 500 after submit ,Login fails with error 500 after submit button attempts,Bug,High,vikram,2025-03-06,2025-03-12,1.4
727,Visual inconsistency on notifications du,Visual inconsistency on notifications during checkout,UI/UX,Medium,vikram,2025-10-03,2025-10-15,0.7
728,Please resolve the problem layout for re,Please resolve the problem layout for reporting,Feature Request,Low,rohan,2025-05-20,2025-06-12,7.2
729,Increase test coverage for auth edge cas,Increase test coverage for auth edge cases,Testing,High,vikram,2025-03-24,2025-04-01,6.7
730,Data not saving correctly when signup is,Data not saving correctly when signup is submitted,Bug,Medium,vikram,2025-04-18,2025-05-01,22.2
731,Increase test coverage for search edge c,Increase test coverage for search edge cases,Testing,Medium,rohan,2025-08-24,2025-09-06,5.3
732,Login fails with error 500 after signup ,Login fails with error 500 after signup attempts,Bug,Urgent,neha,2025-07-31,2025-08-05,4.6
733,Time-sensitive — please update the reque,Time-sensitive — please update the request related to payment infrastructure,DevOps,High,sneha,2025-03-05,2025-03-11,6.1
734,High priority: need to fix the issue aro,High priority: need to fix the issue around notifications test failures,Testing,High,rohan,2025-04-24,2025-04-28,6.4
735,Configure auto-scaling for payment durin,Configure auto-scaling for payment during peak checkout,DevOps,Urgent,arjun,2025-09-10,2025-09-13,4.4
736,Low priority — docs missing for payment ,Low priority — docs missing for payment configuration under checkout,Documentation,Low,sneha,2025-10-19,2025-11-11,2.6
737,"When possible, requesting new option for","When possible, requesting new option for reporting during signup",UI/UX,Medium,vikram,2025-10-19,2025-10-29,5.1
738,Blocking release — fix broken deployment,Blocking release — fix broken deployment on monthly server,DevOps,Urgent,sneha,2025-08-21,2025-08-22,5.0
739,Set up CI/CD pipeline for search service,Set up CI/CD pipeline for search service,DevOps,High,sneha,2025-09-23,2025-09-30,4.9
740,Update API docs for the user profile end,Update API docs for the user profile endpoint,Documentation,Medium,sneha,2025-06-11,2025-06-20,8.9
741,Please review the problem to support pay,Please review the problem to support payment customization,Feature Request,Medium,rohan,2025-04-11,2025-04-21,5.0
742,Whenever convenient — update API docs fo,Whenever convenient — update API docs for the admin endpoint,Documentation,Low,arjun,2025-05-09,2025-05-29,1.4
743,Improve accessibility of payment form fi,Improve accessibility of payment form fields,UI/UX,Low,neha,2025-08-13,2025-09-01,3.0
744,Redesign the payment dashboard for bette,Redesign the payment dashboard for better readability,UI/UX,Medium,sneha,2025-03-07,2025-03-16,4.3
745,Unexpected behavior in payment when usin,Unexpected behavior in payment when using peak load,Bug,Medium,arjun,2025-07-15,2025-07-27,5.2
746,Please prioritize — refactor reporting s,Please prioritize — refactor reporting service to reduce latency during monthly,Backend,High,neha,2025-02-21,2025-02-27,7.3
747,URGENT: please review the issue related ,URGENT: please review the issue related to search infrastructure,DevOps,Urgent,priya,2025-04-10,2025-04-15,5.3
748,High priority: configure auto-scaling fo,High priority: configure auto-scaling for admin during peak peak load,Testing,High,vikram,2025-10-27,2025-11-03,0.6
749,Blocking release — configure auto-scalin,Blocking release — configure auto-scaling for reporting during peak mobile,DevOps,Urgent,vikram,2025-01-05,2025-01-10,1.6
750,High priority: set up CI/CD pipeline for,High priority: set up CI/CD pipeline for reporting service,DevOps,High,rohan,2025-04-14,2025-04-18,7.7
751,Requesting new option for admin during s,Requesting new option for admin during signup,Feature Request,Medium,priya,2025-08-03,2025-08-14,4.2
752,Time-sensitive — users report admin stop,Time-sensitive — users report admin stops responding during submit button,Bug,High,sneha,2025-04-20,2025-04-25,5.6
753,URGENT: configure auto-scaling for auth ,URGENT: configure auto-scaling for auth during peak monthly,DevOps,Urgent,arjun,2025-02-07,2025-02-10,3.8
754,Add caching layer to user profile API,Add caching layer to user profile API,Backend,Low,priya,2025-05-26,2025-06-15,3.0
755,Document deployment steps for monthly en,Document deployment steps for monthly environment,Documentation,Medium,neha,2025-02-21,2025-03-02,3.9
756,Add dark mode support to the user profil,Add dark mode support to the user profile page,Feature Request,Medium,sneha,2025-09-27,2025-10-10,5.6
757,Whenever convenient — fix broken deploym,Whenever convenient — fix broken deployment on checkout server,DevOps,Low,arjun,2025-08-08,2025-08-28,5.0
758,High priority: fix flaky integration tes,High priority: fix flaky integration test in reporting during monthly,DevOps,High,vikram,2025-03-06,2025-03-14,9.7
759,Whenever convenient — redesign the admin,Whenever convenient — redesign the admin dashboard for better readability,UI/UX,Low,vikram,2025-07-11,2025-08-02,1.2
760,Improve accessibility of auth form field,Improve accessibility of auth form fields,UI/UX,Low,neha,2025-10-25,2025-11-16,1.4
761,Write unit tests for user profile module,Write unit tests for user profile module,Testing,Medium,sneha,2025-06-06,2025-06-18,4.2
762,Add caching layer to reporting API,Add caching layer to reporting API,Backend,Medium,priya,2025-09-23,2025-10-04,7.4
763,"No rush, but server-side search logic fa","No rush, but server-side search logic fails under mobile",Backend,Low,rohan,2025-09-12,2025-10-03,8.6
764,Please update the item layout for search,Please update the item layout for search,UI/UX,Low,vikram,2025-09-14,2025-10-07,3.1
765,Whenever convenient — configure auto-sca,Whenever convenient — configure auto-scaling for payment during peak checkout,DevOps,Low,rohan,2025-04-11,2025-05-02,0.2
766,Document deployment steps for checkout e,Document deployment steps for checkout environment,Documentation,Medium,rohan,2025-05-14,2025-05-23,3.2
767,Need to fix the ticket explaining notifi,Need to fix the ticket explaining notifications setup,Documentation,Medium,neha,2025-04-27,2025-05-07,6.7
768,Fix broken deployment on mobile server,Fix broken deployment on mobile server,DevOps,Medium,priya,2025-02-13,2025-02-24,4.9
769,Please prioritize — please address the c,Please prioritize — please address the case layout for admin,UI/UX,High,neha,2025-03-07,2025-03-13,7.6
770,Time-sensitive — unexpected behavior in ,Time-sensitive — unexpected behavior in search when using monthly,Bug,High,rohan,2025-10-03,2025-10-09,11.2
771,Whenever convenient — optimize database ,Whenever convenient — optimize database query for user profile table,Backend,Low,sneha,2025-10-21,2025-11-12,4.4
772,Time-sensitive — add dark mode support t,Time-sensitive — add dark mode support to the admin page,Feature Request,High,priya,2025-06-05,2025-06-09,3.5
773,High priority: login fails with error 50,High priority: login fails with error 500 after submit button attempts,Bug,High,priya,2025-07-17,2025-07-23,2.3
774,Low priority — please fix the item to su,Low priority — please fix the item to support admin customization,Feature Request,Low,priya,2025-07-30,2025-08-21,1.3
775,Data not saving correctly when peak load,Data not saving correctly when peak load is submitted,Bug,Medium,rohan,2025-03-08,2025-03-18,1.0
776,Time-sensitive — please resolve the requ,Time-sensitive — please resolve the request layout for reporting,UI/UX,High,arjun,2025-05-22,2025-05-27,2.8
777,"When possible, add notification system f","When possible, add notification system for mobile events",Feature Request,Medium,vikram,2025-08-24,2025-09-05,10.2
778,Memory leak detected in admin module dur,Memory leak detected in admin module during signup,Bug,High,priya,2025-07-20,2025-07-28,8.1
779,Visual inconsistency on admin during sig,Visual inconsistency on admin during signup,UI/UX,Low,sneha,2025-10-19,2025-11-07,3.3
780,URGENT: fix broken deployment on monthly,URGENT: fix broken deployment on monthly server,DevOps,Urgent,sneha,2025-04-22,2025-04-26,18.9
781,Increase test coverage for notifications,Increase test coverage for notifications edge cases,Testing,Medium,rohan,2025-08-19,2025-08-29,3.0
782,Add notification system for submit butto,Add notification system for submit button events,Feature Request,Medium,arjun,2025-07-23,2025-08-01,11.9
783,Low priority — write onboarding guide fo,Low priority — write onboarding guide for auth module,Documentation,Low,priya,2025-05-05,2025-05-27,13.8
784,Please prioritize — fix alignment issue ,Please prioritize — fix alignment issue on notifications page for checkout screen size,UI/UX,High,arjun,2025-07-20,2025-07-25,7.0
785,URGENT: configure auto-scaling for admin,URGENT: configure auto-scaling for admin during peak checkout,DevOps,Urgent,sneha,2025-09-30,2025-10-02,2.8
786,"No rush, but deployment ticket affecting","No rush, but deployment ticket affecting auth during signup",Backend,Low,priya,2025-01-25,2025-02-16,3.7
787,Implement export to CSV for payment repo,Implement export to CSV for payment reports,Feature Request,Medium,priya,2025-04-09,2025-04-18,5.7
788,URGENT: users report user profile stops ,URGENT: users report user profile stops responding during signup,Bug,Urgent,neha,2025-06-15,2025-06-20,1.4
789,Please update the task to support admin ,Please update the task to support admin customization,Feature Request,Medium,neha,2025-01-08,2025-01-20,2.1
790,Write onboarding guide for user profile ,Write onboarding guide for user profile module,Documentation,Low,arjun,2025-07-08,2025-07-27,1.9
791,Please check the item to support payment,Please check the item to support payment customization,Feature Request,Medium,rohan,2025-07-18,2025-07-28,7.4
792,"When possible, requesting new option for","When possible, requesting new option for notifications during multiple",Feature Request,Medium,vikram,2025-08-18,2025-08-30,11.1
793,URGENT: deployment task affecting auth d,URGENT: deployment task affecting auth during mobile,DevOps,Urgent,vikram,2025-08-08,2025-08-10,8.3
794,Whenever convenient — memory leak detect,Whenever convenient — memory leak detected in search module during peak load,Testing,Low,rohan,2025-06-18,2025-07-08,9.9
795,Update API docs for the notifications en,Update API docs for the notifications endpoint,Documentation,Medium,rohan,2025-04-28,2025-05-09,2.6
796,Add dark mode support to the user profil,Add dark mode support to the user profile page,Feature Request,Low,neha,2025-04-04,2025-04-26,3.9
797,Data not saving correctly when submit bu,Data not saving correctly when submit button is submitted,Bug,Low,priya,2025-03-06,2025-03-25,4.1
798,Refactor reporting service to reduce lat,Refactor reporting service to reduce latency during checkout,Backend,High,sneha,2025-04-12,2025-04-17,7.0
799,Allow users to filter reporting by multi,Allow users to filter reporting by multiple,Feature Request,Medium,sneha,2025-07-04,2025-07-16,2.9
800,Add notification system for mobile event,Add notification system for mobile events,UI/UX,Medium,rohan,2025-08-07,2025-08-16,9.5
