task_id,title,description,category,priority,assignee,created_date,deadline,estimated_hours,clean_text
1,"When possible, configure auto-scaling fo","When possible, configure auto-scaling for user profile during peak checkout",DevOps,Medium,sneha,2025-02-14,2025-02-27,7.2,possibl configur auto scale user profil peak checkout
2,Whenever convenient — login fails with e,Whenever convenient — login fails with error 500 after checkout attempts,Bug,Low,sneha,2025-08-03,2025-08-23,4.5,conveni login fail error checkout attempt
3,Optimize database query for notification,Optimize database query for notifications table,Backend,Medium,arjun,2025-06-22,2025-07-01,4.1,optim databas queri notif tabl
4,Low priority — improve accessibility of ,Low priority — improve accessibility of search form fields,UI/UX,Low,vikram,2025-07-13,2025-08-01,4.1,low prioriti improv access search form field
5,"When possible, docs missing for search c","When possible, docs missing for search configuration under monthly",Documentation,Medium,priya,2025-05-29,2025-06-07,13.9,possibl doc miss search configur monthli
6,Low priority — increase test coverage fo,Low priority — increase test coverage for auth edge cases,Testing,Low,neha,2025-02-06,2025-03-01,8.6,low prioriti increas test coverag auth edg case
7,Implement export to CSV for admin report,Implement export to CSV for admin reports,Feature Request,Medium,neha,2025-10-13,2025-10-23,3.4,implement export csv admin report
8,Update API docs for the notifications en,Update API docs for the notifications endpoint,Feature Request,Medium,sneha,2025-04-19,2025-05-01,7.4,updat api doc notif endpoint
9,Time-sensitive — configure auto-scaling ,Time-sensitive — configure auto-scaling for user profile during peak checkout,DevOps,High,vikram,2025-04-23,2025-04-28,6.0,time sensit configur auto scale user profil peak checkout
10,Whenever convenient — redesign the payme,Whenever convenient — redesign the payment dashboard for better readability,UI/UX,Low,sneha,2025-02-02,2025-02-24,0.6,conveni redesign payment dashboard better readabl
11,Server-side reporting logic fails under ,Server-side reporting logic fails under multiple,Backend,Urgent,neha,2025-10-02,2025-10-05,2.0,server report logic fail multipl
12,Need to fix the problem explaining admin,Need to fix the problem explaining admin setup,Documentation,Low,vikram,2025-09-14,2025-10-04,6.3,need fix problem explain admin setup
13,Critical — memory leak detected in auth ,Critical — memory leak detected in auth module during monthly,Bug,Urgent,vikram,2025-09-29,2025-09-30,13.1,critic memori leak detect auth modul monthli
14,Whenever convenient — update API docs fo,Whenever convenient — update API docs for the notifications endpoint,Documentation,Low,arjun,2025-02-13,2025-03-07,4.2,conveni updat api doc notif endpoint
15,"When possible, fix flaky integration tes","When possible, fix flaky integration test in auth during checkout",Testing,Medium,vikram,2025-08-05,2025-08-15,3.2,possibl fix flaki integr test auth checkout
16,Please prioritize — fix flaky integratio,Please prioritize — fix flaky integration test in search during signup,Testing,High,priya,2025-08-20,2025-08-24,5.4,priorit fix flaki integr test search signup
17,Low priority — add dark mode support to ,Low priority — add dark mode support to the reporting page,Feature Request,Low,arjun,2025-01-31,2025-02-20,3.0,low prioriti add dark mode support report page
18,Critical — application crashes when mobi,Critical — application crashes when mobile is clicked on the user profile page,Bug,Urgent,sneha,2025-10-20,2025-10-25,4.0,critic applic crash mobil click user profil page
19,Please prioritize — add notification sys,Please prioritize — add notification system for checkout events,Feature Request,High,arjun,2025-01-28,2025-02-01,4.9,priorit add notif checkout event
20,Please prioritize — redesign the user pr,Please prioritize — redesign the user profile dashboard for better readability,UI/UX,High,arjun,2025-08-25,2025-08-30,1.9,priorit redesign user profil dashboard better readabl
21,Visual inconsistency on payment during s,Visual inconsistency on payment during submit button,UI/UX,High,sneha,2025-03-27,2025-04-03,8.9,visual inconsist payment submit button
22,Please investigate the issue layout for ,Please investigate the issue layout for user profile,UI/UX,Low,sneha,2025-08-21,2025-09-11,1.6,investig issu layout user profil
23,Critical — deployment task affecting aut,Critical — deployment task affecting auth during signup,DevOps,Urgent,arjun,2025-10-24,2025-10-29,1.4,critic deploy task affect auth signup
24,Set up CI/CD pipeline for admin service,Set up CI/CD pipeline for admin service,DevOps,Medium,vikram,2025-04-06,2025-04-15,5.8,set pipelin admin servic
25,Time-sensitive — login fails with error ,Time-sensitive — login fails with error 500 after peak load attempts,Bug,High,vikram,2025-10-26,2025-11-03,8.4,time sensit login fail error peak load attempt
26,High priority: write onboarding guide fo,High priority: write onboarding guide for auth module,Documentation,High,rohan,2025-06-03,2025-06-10,5.7,high prioriti write onboard guid auth modul
27,Blocking release — write unit tests for ,Blocking release — write unit tests for reporting module,Testing,Urgent,priya,2025-06-28,2025-06-29,4.6,block releas write unit test report modul
28,Need to resolve the request explaining r,Need to resolve the request explaining reporting setup,Documentation,Low,neha,2025-09-28,2025-10-17,3.9,need resolv request explain report setup
29,Write unit tests for search module,Write unit tests for search module,Testing,Medium,priya,2025-05-25,2025-06-07,3.4,write unit test search modul
30,"When possible, configure auto-scaling fo","When possible, configure auto-scaling for admin during peak mobile",DevOps,Medium,arjun,2025-05-22,2025-05-31,10.3,possibl configur auto scale admin peak mobil
31,Document deployment steps for checkout e,Document deployment steps for checkout environment,Documentation,Medium,neha,2025-02-27,2025-03-08,6.4,document deploy step checkout environ
32,Allow users to filter reporting by mobil,Allow users to filter reporting by mobile,Feature Request,Medium,priya,2025-01-21,2025-02-01,3.7,allow user filter report mobil
33,Set up CI/CD pipeline for notifications ,Set up CI/CD pipeline for notifications service,DevOps,Medium,priya,2025-05-02,2025-05-12,2.8,set pipelin notif servic
34,Whenever convenient — improve accessibil,Whenever convenient — improve accessibility of admin form fields,UI/UX,Low,priya,2025-01-20,2025-02-11,7.8,conveni improv access admin form field
35,High priority: add notification system f,High priority: add notification system for multiple events,Feature Request,High,rohan,2025-05-23,2025-05-27,10.2,high prioriti add notif multipl event
36,Need to handle the issue explaining noti,Need to handle the issue explaining notifications setup,Documentation,Medium,arjun,2025-05-16,2025-05-25,9.5,need handl issu explain notif setup
37,Add caching layer to reporting API,Add caching layer to reporting API,Backend,Medium,arjun,2025-01-23,2025-02-04,2.4,add cach layer report api
38,Blocking release — server-side auth logi,Blocking release — server-side auth logic fails under signup,Backend,Urgent,vikram,2025-03-05,2025-03-08,3.9,block releas server auth logic fail signup
39,Document deployment steps for peak load ,Document deployment steps for peak load environment,Documentation,Medium,vikram,2025-07-14,2025-07-24,3.4,document deploy step peak load environ
40,"When possible, server-side payment logic","When possible, server-side payment logic fails under monthly",Backend,Medium,sneha,2025-06-14,2025-06-26,4.3,possibl server payment logic fail monthli
41,"When possible, visual inconsistency on n","When possible, visual inconsistency on notifications during peak load",UI/UX,Medium,priya,2025-06-21,2025-06-30,8.9,possibl visual inconsist notif peak load
42,Fix broken deployment on checkout server,Fix broken deployment on checkout server,DevOps,Medium,sneha,2025-02-07,2025-02-19,12.3,fix broken deploy checkout server
43,High priority: please review the task re,High priority: please review the task related to admin infrastructure,DevOps,High,priya,2025-02-24,2025-03-03,6.5,high prioriti review task relat admin infrastructur
44,High priority: requesting new option for,High priority: requesting new option for admin during mobile,Feature Request,High,vikram,2025-08-26,2025-09-03,2.9,high prioriti request new option admin mobil
45,Need to investigate the case affecting n,Need to investigate the case affecting notifications performance,Backend,Medium,sneha,2025-03-23,2025-04-04,4.9,need investig case affect notif perform
46,Document deployment steps for monthly en,Document deployment steps for monthly environment,Feature Request,Medium,rohan,2025-05-01,2025-05-12,13.8,document deploy step monthli environ
47,Time-sensitive — update API docs for the,Time-sensitive — update API docs for the user profile endpoint,Documentation,High,rohan,2025-08-01,2025-08-08,5.3,time sensit updat api doc user profil endpoint
48,Optimize database query for notification,Optimize database query for notifications table,Backend,Medium,sneha,2025-01-11,2025-01-24,3.9,optim databas queri notif tabl
49,Improve accessibility of notifications f,Improve accessibility of notifications form fields,UI/UX,Low,vikram,2025-10-03,2025-10-26,4.2,improv access notif form field
50,"When possible, allow users to filter adm","When possible, allow users to filter admin by peak load",Feature Request,Medium,priya,2025-03-26,2025-04-07,6.5,possibl allow user filter admin peak load
51,High priority: need to fix the issue aff,High priority: need to fix the issue affecting reporting performance,Backend,High,rohan,2025-04-04,2025-04-08,2.5,high prioriti need fix issu affect report perform
52,Please investigate the item layout for s,Please investigate the item layout for search,UI/UX,Medium,sneha,2025-05-10,2025-05-19,3.3,investig item layout search
53,Application crashes when multiple is cli,Application crashes when multiple is clicked on the user profile page,Testing,High,arjun,2025-05-07,2025-05-12,9.4,applic crash multipl click user profil page
54,Refactor auth service to reduce latency ,Refactor auth service to reduce latency during peak load,Backend,Medium,priya,2025-05-12,2025-05-23,6.4,refactor auth servic reduc latenc peak load
55,High priority: optimize database query f,High priority: optimize database query for notifications table,Backend,High,sneha,2025-10-22,2025-10-29,5.4,high prioriti optim databas queri notif tabl
56,Deployment issue affecting notifications,Deployment issue affecting notifications during signup,DevOps,Medium,arjun,2025-03-03,2025-03-16,9.8,deploy issu affect notif signup
57,Document deployment steps for submit but,Document deployment steps for submit button environment,Documentation,Medium,rohan,2025-02-24,2025-03-08,2.7,document deploy step submit button environ
58,Please investigate the task related to u,Please investigate the task related to user profile infrastructure,DevOps,Urgent,vikram,2025-05-19,2025-05-24,3.8,investig task relat user profil infrastructur
59,Need to resolve the item around auth tes,Need to resolve the item around auth test failures,Testing,Medium,sneha,2025-02-14,2025-02-25,6.2,need resolv item auth test failur
60,Please prioritize — please investigate t,Please prioritize — please investigate the item to support auth customization,Feature Request,High,rohan,2025-04-19,2025-04-25,6.1,priorit investig item support auth custom
61,Docs missing for search configuration un,Docs missing for search configuration under signup,Documentation,Low,vikram,2025-07-28,2025-08-19,1.3,doc miss search configur signup
62,Need to address the ticket around auth t,Need to address the ticket around auth test failures,Testing,Medium,neha,2025-04-24,2025-05-06,3.5,need address ticket auth test failur
63,Please handle the ticket to support admi,Please handle the ticket to support admin customization,Feature Request,Medium,rohan,2025-06-30,2025-07-12,4.4,handl ticket support admin custom
64,Update API docs for the user profile end,Update API docs for the user profile endpoint,Documentation,Low,priya,2025-04-05,2025-04-25,6.7,updat api doc user profil endpoint
65,Deployment issue affecting reporting dur,Deployment issue affecting reporting during monthly,DevOps,High,rohan,2025-07-04,2025-07-09,6.1,deploy issu affect report monthli
66,High priority: login fails with error 50,High priority: login fails with error 500 after multiple attempts,Bug,High,arjun,2025-09-09,2025-09-13,4.7,high prioriti login fail error multipl attempt
67,Need to check the issue affecting search,Need to check the issue affecting search performance,Backend,Medium,sneha,2025-02-03,2025-02-15,0.6,need check issu affect search perform
68,Please prioritize — unexpected behavior ,Please prioritize — unexpected behavior in user profile when using submit button,Bug,High,vikram,2025-05-08,2025-05-12,4.9,priorit unexpect behavior user profil use submit button
69,QA found case in reporting during monthl,QA found case in reporting during monthly,Testing,Medium,sneha,2025-06-02,2025-06-15,5.2,case report monthli
70,Update API docs for the auth endpoint,Update API docs for the auth endpoint,Documentation,Medium,priya,2025-02-11,2025-02-21,21.9,updat api doc auth endpoint
71,Implement export to CSV for admin report,Implement export to CSV for admin reports,UI/UX,Medium,arjun,2025-05-25,2025-06-06,4.3,implement export csv admin report
72,Configure auto-scaling for notifications,Configure auto-scaling for notifications during peak monthly,DevOps,Medium,arjun,2025-05-17,2025-05-27,6.3,configur auto scale notif peak monthli
73,"When possible, memory leak detected in a","When possible, memory leak detected in auth module during mobile",Bug,Medium,vikram,2025-07-26,2025-08-06,10.9,possibl memori leak detect auth modul mobil
74,Optimize database query for payment tabl,Optimize database query for payment table,DevOps,Medium,arjun,2025-10-22,2025-11-04,8.5,optim databas queri payment tabl
75,Please prioritize — increase test covera,Please prioritize — increase test coverage for payment edge cases,Testing,High,sneha,2025-04-03,2025-04-11,12.6,priorit increas test coverag payment edg case
76,URGENT: set up CI/CD pipeline for search,URGENT: set up CI/CD pipeline for search service,DevOps,Urgent,neha,2025-06-18,2025-06-22,1.3,urgent set pipelin search servic
77,Please fix the ticket layout for notific,Please fix the ticket layout for notifications,UI/UX,Medium,arjun,2025-07-26,2025-08-08,2.1,fix ticket layout notif
78,ASAP — please review the request related,ASAP — please review the request related to payment infrastructure,DevOps,Urgent,rohan,2025-01-27,2025-01-29,3.1,asap review request relat payment infrastructur
79,Whenever convenient — add caching layer ,Whenever convenient — add caching layer to auth API,Backend,Low,rohan,2025-05-03,2025-05-23,1.1,conveni add cach layer auth api
80,Need to update the ticket affecting user,Need to update the ticket affecting user profile performance,Backend,Low,neha,2025-03-20,2025-04-11,5.3,need updat ticket affect user profil perform
81,"When possible, document deployment steps","When possible, document deployment steps for peak load environment",Documentation,Medium,vikram,2025-04-08,2025-04-21,2.2,possibl document deploy step peak load environ
82,Set up CI/CD pipeline for notifications ,Set up CI/CD pipeline for notifications service,DevOps,Urgent,neha,2025-01-02,2025-01-05,13.7,set pipelin notif servic
83,Docs missing for admin configuration und,Docs missing for admin configuration under signup,Documentation,Medium,sneha,2025-10-06,2025-10-18,2.5,doc miss admin configur signup
84,Write onboarding guide for admin module,Write onboarding guide for admin module,Feature Request,High,neha,2025-07-15,2025-07-22,3.9,write onboard guid admin modul
85,Fix flaky integration test in payment du,Fix flaky integration test in payment during peak load,Testing,High,arjun,2025-02-21,2025-02-28,8.9,fix flaki integr test payment peak load
86,Critical — optimize database query for u,Critical — optimize database query for user profile table,Bug,Urgent,neha,2025-06-23,2025-06-28,1.6,critic optim databas queri user profil tabl
87,Improve accessibility of auth form field,Improve accessibility of auth form fields,UI/UX,Medium,arjun,2025-01-19,2025-02-01,1.0,improv access auth form field
88,Allow users to filter auth by checkout,Allow users to filter auth by checkout,Feature Request,Medium,priya,2025-02-21,2025-03-05,5.7,allow user filter auth checkout
89,Set up CI/CD pipeline for search service,Set up CI/CD pipeline for search service,DevOps,Medium,vikram,2025-09-29,2025-10-11,6.1,set pipelin search servic
90,ASAP — fix broken deployment on checkout,ASAP — fix broken deployment on checkout server,DevOps,Urgent,sneha,2025-03-15,2025-03-17,8.7,asap fix broken deploy checkout server
91,Configure auto-scaling for payment durin,Configure auto-scaling for payment during peak signup,Testing,Medium,neha,2025-10-28,2025-11-08,7.3,configur auto scale payment peak signup
92,Please review the ticket layout for sear,Please review the ticket layout for search,UI/UX,Medium,rohan,2025-07-15,2025-07-28,6.2,review ticket layout search
93,"When possible, add caching layer to noti","When possible, add caching layer to notifications API",Backend,Medium,neha,2025-01-26,2025-02-08,2.8,possibl add cach layer notif api
94,Improve accessibility of notifications f,Improve accessibility of notifications form fields,UI/UX,High,rohan,2025-04-08,2025-04-16,6.0,improv access notif form field
95,Fix broken deployment on signup server,Fix broken deployment on signup server,Testing,Urgent,rohan,2025-03-09,2025-03-10,6.2,fix broken deploy signup server
96,Write onboarding guide for user profile ,Write onboarding guide for user profile module,Documentation,Medium,rohan,2025-05-12,2025-05-24,2.7,write onboard guid user profil modul
97,Set up CI/CD pipeline for payment servic,Set up CI/CD pipeline for payment service,DevOps,Urgent,rohan,2025-07-23,2025-07-28,16.3,set pipelin payment servic
98,Blocking release — application crashes w,Blocking release — application crashes when multiple is clicked on the reporting page,Bug,Urgent,neha,2025-07-10,2025-07-11,7.1,block releas applic crash multipl click report page
99,Please review the problem to support sea,Please review the problem to support search customization,Feature Request,Medium,arjun,2025-06-04,2025-06-16,2.1,review problem support search custom
100,Whenever convenient — add dark mode supp,Whenever convenient — add dark mode support to the admin page,Feature Request,Low,neha,2025-08-21,2025-09-11,8.7,conveni add dark mode support admin page
101,Please prioritize — deployment ticket af,Please prioritize — deployment ticket affecting reporting during peak load,DevOps,High,neha,2025-05-24,2025-05-28,9.7,priorit deploy ticket affect report peak load
102,Need to handle the issue explaining noti,Need to handle the issue explaining notifications setup,Documentation,Low,sneha,2025-07-03,2025-07-22,6.8,need handl issu explain notif setup
103,Whenever convenient — update API docs fo,Whenever convenient — update API docs for the notifications endpoint,Documentation,Low,rohan,2025-01-11,2025-01-30,4.1,conveni updat api doc notif endpoint
104,Critical — please review the request to ,Critical — please review the request to support payment customization,Feature Request,Urgent,arjun,2025-03-17,2025-03-22,2.6,critic review request support payment custom
105,Time-sensitive — write onboarding guide ,Time-sensitive — write onboarding guide for reporting module,Documentation,High,rohan,2025-03-09,2025-03-13,4.7,time sensit write onboard guid report modul
106,Time-sensitive — qA found item in paymen,Time-sensitive — qA found item in payment during multiple,Testing,High,sneha,2025-02-28,2025-03-04,6.4,time sensit item payment multipl
107,Time-sensitive — visual inconsistency on,Time-sensitive — visual inconsistency on payment during mobile,Feature Request,High,arjun,2025-08-23,2025-08-27,5.1,time sensit visual inconsist payment mobil
108,Please address the problem layout for pa,Please address the problem layout for payment,Feature Request,High,priya,2025-06-14,2025-06-22,13.0,address problem layout payment
109,Need to handle the ticket where reportin,Need to handle the ticket where reporting breaks under signup,Bug,Medium,vikram,2025-08-21,2025-09-03,7.8,need handl ticket report break signup
110,Low priority — redesign the auth dashboa,Low priority — redesign the auth dashboard for better readability,UI/UX,Low,sneha,2025-08-21,2025-09-12,2.4,low prioriti redesign auth dashboard better readabl
111,Please resolve the item related to auth ,Please resolve the item related to auth infrastructure,DevOps,Low,arjun,2025-08-31,2025-09-19,1.9,resolv item relat auth infrastructur
112,Low priority — need to handle the case a,Low priority — need to handle the case around auth test failures,Testing,Low,rohan,2025-10-15,2025-11-07,7.1,low prioriti need handl case auth test failur
113,Configure auto-scaling for auth during p,Configure auto-scaling for auth during peak monthly,Testing,Medium,arjun,2025-06-09,2025-06-20,4.2,configur auto scale auth peak monthli
114,Time-sensitive — refactor admin service ,Time-sensitive — refactor admin service to reduce latency during signup,Backend,High,priya,2025-05-23,2025-05-31,8.3,time sensit refactor admin servic reduc latenc signup
115,QA found request in notifications during,QA found request in notifications during monthly,Testing,Medium,priya,2025-05-17,2025-05-26,7.1,request notif monthli
116,Document deployment steps for multiple e,Document deployment steps for multiple environment,Documentation,Medium,priya,2025-07-25,2025-08-03,4.7,document deploy step multipl environ
117,Please prioritize — set up CI/CD pipelin,Please prioritize — set up CI/CD pipeline for auth service,DevOps,High,vikram,2025-06-09,2025-06-15,2.4,priorit set pipelin auth servic
118,"No rush, but optimize database query for","No rush, but optimize database query for user profile table",Backend,Low,sneha,2025-09-06,2025-09-29,1.1,rush optim databas queri user profil tabl
119,"When possible, visual inconsistency on s","When possible, visual inconsistency on search during submit button",UI/UX,Medium,arjun,2025-09-27,2025-10-08,5.9,possibl visual inconsist search submit button
120,Please review the item to support paymen,Please review the item to support payment customization,Feature Request,Medium,rohan,2025-05-11,2025-05-22,1.6,review item support payment custom
121,Low priority — unexpected behavior in us,Low priority — unexpected behavior in user profile when using peak load,Bug,Low,sneha,2025-07-01,2025-07-20,2.3,low prioriti unexpect behavior user profil use peak load
122,Please prioritize — need to update the c,Please prioritize — need to update the case around admin test failures,Testing,High,arjun,2025-08-02,2025-08-08,5.6,priorit need updat case admin test failur
123,"No rush, but improve accessibility of no","No rush, but improve accessibility of notifications form fields",UI/UX,Low,sneha,2025-02-24,2025-03-16,5.2,rush improv access notif form field
124,Optimize database query for notification,Optimize database query for notifications table,Backend,Medium,neha,2025-02-09,2025-02-22,1.8,optim databas queri notif tabl
125,Login fails with error 500 after monthly,Login fails with error 500 after monthly attempts,Bug,High,arjun,2025-03-17,2025-03-22,10.5,login fail error monthli attempt
126,Implement export to CSV for user profile,Implement export to CSV for user profile reports,Feature Request,Low,vikram,2025-08-26,2025-09-18,10.3,implement export csv user profil report
127,Visual inconsistency on auth during sign,Visual inconsistency on auth during signup,UI/UX,Medium,sneha,2025-08-14,2025-08-23,7.3,visual inconsist auth signup
128,Improve accessibility of payment form fi,Improve accessibility of payment form fields,UI/UX,Medium,rohan,2025-01-30,2025-02-10,7.3,improv access payment form field
129,Time-sensitive — users report reporting ,Time-sensitive — users report reporting stops responding during submit button,Bug,High,neha,2025-08-19,2025-08-27,7.3,time sensit user report report stop respond submit button
130,Add notification system for mobile event,Add notification system for mobile events,Feature Request,Medium,neha,2025-02-13,2025-02-26,9.7,add notif mobil event
131,"No rush, but requesting new option for a","No rush, but requesting new option for admin during peak load",Feature Request,Low,arjun,2025-06-23,2025-07-16,8.0,rush request new option admin peak load
132,Please prioritize — increase test covera,Please prioritize — increase test coverage for search edge cases,Testing,High,arjun,2025-03-18,2025-03-24,2.6,priorit increas test coverag search edg case
133,High priority: add caching layer to auth,High priority: add caching layer to auth API,Backend,High,priya,2025-07-12,2025-07-18,4.1,high prioriti add cach layer auth api
134,Blocking release — deployment request af,Blocking release — deployment request affecting auth during submit button,DevOps,Urgent,sneha,2025-04-20,2025-04-23,20.4,block releas deploy request affect auth submit button
135,Implement export to CSV for payment repo,Implement export to CSV for payment reports,Feature Request,Low,arjun,2025-10-04,2025-10-27,0.7,implement export csv payment report
136,"When possible, deployment task affecting","When possible, deployment task affecting reporting during checkout",DevOps,Medium,arjun,2025-03-26,2025-04-07,3.4,possibl deploy task affect report checkout
137,Fix alignment issue on reporting page fo,Fix alignment issue on reporting page for peak load screen size,UI/UX,Medium,rohan,2025-10-01,2025-10-11,10.5,fix align issu report page peak load screen size
138,Fix flaky integration test in auth durin,Fix flaky integration test in auth during multiple,Testing,High,sneha,2025-09-15,2025-09-23,2.7,fix flaki integr test auth multipl
139,Please prioritize — please resolve the i,Please prioritize — please resolve the issue to support notifications customization,Feature Request,High,arjun,2025-02-22,2025-03-02,8.1,priorit resolv issu support notif custom
140,Low priority — write onboarding guide fo,Low priority — write onboarding guide for admin module,Documentation,Low,sneha,2025-06-28,2025-07-17,5.2,low prioriti write onboard guid admin modul
141,Please prioritize — memory leak detected,Please prioritize — memory leak detected in admin module during checkout,Bug,High,priya,2025-06-21,2025-06-26,2.9,priorit memori leak detect admin modul checkout
142,Users report auth stops responding durin,Users report auth stops responding during peak load,Bug,Medium,arjun,2025-01-03,2025-01-12,0.5,user report auth stop respond peak load
143,Write onboarding guide for auth module,Write onboarding guide for auth module,Documentation,Low,priya,2025-03-04,2025-03-23,5.8,write onboard guid auth modul
144,Visual inconsistency on payment during p,Visual inconsistency on payment during peak load,UI/UX,Medium,vikram,2025-01-09,2025-01-22,2.5,visual inconsist payment peak load
145,Allow users to filter payment by peak lo,Allow users to filter payment by peak load,Feature Request,Medium,rohan,2025-02-13,2025-02-26,4.6,allow user filter payment peak load
146,Need to fix the ticket where notificatio,Need to fix the ticket where notifications breaks under mobile,Testing,Urgent,neha,2025-07-11,2025-07-14,7.2,need fix ticket notif break mobil
147,Please prioritize — application crashes ,Please prioritize — application crashes when multiple is clicked on the user profile page,Bug,High,rohan,2025-06-30,2025-07-08,9.2,priorit applic crash multipl click user profil page
148,Time-sensitive — need to check the case ,Time-sensitive — need to check the case around admin test failures,Testing,High,rohan,2025-08-23,2025-08-27,3.4,time sensit need check case admin test failur
149,Whenever convenient — implement export t,Whenever convenient — implement export to CSV for search reports,Feature Request,Low,rohan,2025-01-19,2025-02-08,2.9,conveni implement export csv search report
150,Please prioritize — update API docs for ,Please prioritize — update API docs for the auth endpoint,Documentation,High,sneha,2025-07-24,2025-07-31,1.5,priorit updat api doc auth endpoint
151,URGENT: need to handle the case explaini,URGENT: need to handle the case explaining admin setup,Documentation,Urgent,vikram,2025-02-10,2025-02-14,9.5,urgent need handl case explain admin setup
152,"No rush, but increase test coverage for ","No rush, but increase test coverage for payment edge cases",Testing,Low,neha,2025-08-07,2025-08-27,18.5,rush increas test coverag payment edg case
153,Redesign the notifications dashboard for,Redesign the notifications dashboard for better readability,UI/UX,Medium,neha,2025-01-30,2025-02-08,10.2,redesign notif dashboard better readabl
154,Time-sensitive — deployment issue affect,Time-sensitive — deployment issue affecting auth during monthly,DevOps,High,priya,2025-08-13,2025-08-17,11.7,time sensit deploy issu affect auth monthli
155,Unexpected behavior in search when using,Unexpected behavior in search when using multiple,Bug,Medium,sneha,2025-07-09,2025-07-20,2.7,unexpect behavior search use multipl
156,Low priority — fix flaky integration tes,Low priority — fix flaky integration test in search during mobile,Testing,Low,sneha,2025-01-14,2025-02-03,6.9,low prioriti fix flaki integr test search mobil
157,"When possible, server-side search logic ","When possible, server-side search logic fails under submit button",Backend,Medium,arjun,2025-09-09,2025-09-19,8.6,possibl server search logic fail submit button
158,Add notification system for checkout eve,Add notification system for checkout events,Feature Request,High,neha,2025-06-13,2025-06-19,2.0,add notif checkout event
159,Memory leak detected in notifications mo,Memory leak detected in notifications module during multiple,Bug,High,vikram,2025-03-31,2025-04-06,14.4,memori leak detect notif modul multipl
160,"No rush, but implement export to CSV for","No rush, but implement export to CSV for user profile reports",Feature Request,Low,vikram,2025-07-08,2025-07-30,1.3,rush implement export csv user profil report
161,Add dark mode support to the search page,Add dark mode support to the search page,Feature Request,Medium,arjun,2025-07-29,2025-08-11,12.9,add dark mode support search page
162,Critical — requesting new option for adm,Critical — requesting new option for admin during submit button,Feature Request,Urgent,priya,2025-10-10,2025-10-15,1.2,critic request new option admin submit button
163,Critical — need to fix the case around n,Critical — need to fix the case around notifications test failures,Testing,Urgent,neha,2025-03-24,2025-03-27,2.1,critic need fix case notif test failur
164,"When possible, please update the item to","When possible, please update the item to support notifications customization",Feature Request,Medium,vikram,2025-06-05,2025-06-18,7.0,possibl updat item support notif custom
165,Time-sensitive — login fails with error ,Time-sensitive — login fails with error 500 after mobile attempts,Bug,High,arjun,2025-06-22,2025-06-30,5.3,time sensit login fail error mobil attempt
166,Time-sensitive — write unit tests for au,Time-sensitive — write unit tests for auth module,Testing,High,neha,2025-01-16,2025-01-23,3.7,time sensit write unit test auth modul
167,"When possible, add caching layer to user","When possible, add caching layer to user profile API",Bug,Medium,sneha,2025-08-01,2025-08-13,14.0,possibl add cach layer user profil api
168,Implement export to CSV for notification,Implement export to CSV for notifications reports,Feature Request,Medium,rohan,2025-07-24,2025-08-03,1.6,implement export csv notif report
169,High priority: add caching layer to admi,High priority: add caching layer to admin API,Backend,High,vikram,2025-05-29,2025-06-05,4.4,high prioriti add cach layer admin api
170,Fix alignment issue on search page for m,Fix alignment issue on search page for monthly screen size,UI/UX,Low,sneha,2025-09-21,2025-10-13,7.6,fix align issu search page monthli screen size
171,"No rush, but update API docs for the rep","No rush, but update API docs for the reporting endpoint",Feature Request,Low,neha,2025-09-11,2025-10-04,6.2,rush updat api doc report endpoint
172,Please prioritize — deployment ticket af,Please prioritize — deployment ticket affecting notifications during submit button,DevOps,High,arjun,2025-07-26,2025-08-01,3.0,priorit deploy ticket affect notif submit button
173,"No rush, but visual inconsistency on sea","No rush, but visual inconsistency on search during checkout",UI/UX,Low,neha,2025-05-24,2025-06-16,3.0,rush visual inconsist search checkout
174,Optimize database query for search table,Optimize database query for search table,Backend,Low,vikram,2025-04-12,2025-05-05,9.1,optim databas queri search tabl
175,Redesign the user profile dashboard for ,Redesign the user profile dashboard for better readability,UI/UX,Medium,rohan,2025-09-21,2025-10-01,9.4,redesign user profil dashboard better readabl
176,"When possible, need to resolve the reque","When possible, need to resolve the request affecting auth performance",Backend,Medium,sneha,2025-10-16,2025-10-27,6.3,possibl need resolv request affect auth perform
177,Whenever convenient — increase test cove,Whenever convenient — increase test coverage for payment edge cases,Testing,Low,sneha,2025-01-14,2025-02-06,2.4,conveni increas test coverag payment edg case
178,ASAP — docs missing for user profile con,ASAP — docs missing for user profile configuration under mobile,Documentation,Urgent,vikram,2025-05-05,2025-05-06,3.1,asap doc miss user profil configur mobil
179,Set up CI/CD pipeline for search service,Set up CI/CD pipeline for search service,DevOps,Medium,neha,2025-08-30,2025-09-08,4.9,set pipelin search servic
180,Please address the request to support au,Please address the request to support auth customization,Feature Request,Medium,vikram,2025-09-30,2025-10-11,5.5,address request support auth custom
181,Document deployment steps for mobile env,Document deployment steps for mobile environment,Documentation,Medium,neha,2025-06-02,2025-06-13,7.4,document deploy step mobil environ
182,Add notification system for multiple eve,Add notification system for multiple events,Feature Request,Medium,arjun,2025-05-21,2025-06-01,4.3,add notif multipl event
183,Need to handle the case affecting notifi,Need to handle the case affecting notifications performance,Backend,High,rohan,2025-05-28,2025-06-01,8.9,need handl case affect notif perform
184,Please resolve the request layout for us,Please resolve the request layout for user profile,UI/UX,Medium,priya,2025-10-28,2025-11-07,8.9,resolv request layout user profil
185,Please prioritize — need to review the i,Please prioritize — need to review the issue where auth breaks under checkout,Bug,High,arjun,2025-02-21,2025-02-26,12.0,priorit need review issu auth break checkout
186,Blocking release — refactor auth service,Blocking release — refactor auth service to reduce latency during peak load,Backend,Urgent,neha,2025-01-31,2025-02-01,5.1,block releas refactor auth servic reduc latenc peak load
187,Optimize database query for admin table,Optimize database query for admin table,Backend,Medium,neha,2025-09-11,2025-09-21,6.4,optim databas queri admin tabl
188,ASAP — write unit tests for search modul,ASAP — write unit tests for search module,Testing,Urgent,sneha,2025-03-10,2025-03-15,4.5,asap write unit test search modul
189,Low priority — update API docs for the u,Low priority — update API docs for the user profile endpoint,Feature Request,Low,neha,2025-06-01,2025-06-24,2.5,low prioriti updat api doc user profil endpoint
190,"No rush, but qA found case in auth durin","No rush, but qA found case in auth during monthly",Testing,Low,priya,2025-02-18,2025-03-10,18.3,rush case auth monthli
191,Fix alignment issue on search page for s,Fix alignment issue on search page for submit button screen size,UI/UX,Medium,neha,2025-06-04,2025-06-17,11.0,fix align issu search page submit button screen size
192,"No rush, but add caching layer to user p","No rush, but add caching layer to user profile API",Backend,Low,neha,2025-09-15,2025-10-06,8.7,rush add cach layer user profil api
193,Memory leak detected in reporting module,Memory leak detected in reporting module during multiple,Bug,High,rohan,2025-08-21,2025-08-29,5.0,memori leak detect report modul multipl
194,Time-sensitive — please review the case ,Time-sensitive — please review the case layout for reporting,UI/UX,High,sneha,2025-02-11,2025-02-19,2.3,time sensit review case layout report
195,Time-sensitive — optimize database query,Time-sensitive — optimize database query for payment table,Backend,High,priya,2025-10-02,2025-10-07,9.8,time sensit optim databas queri payment tabl
196,High priority: need to review the proble,High priority: need to review the problem explaining auth setup,Documentation,High,sneha,2025-08-17,2025-08-21,4.5,high prioriti need review problem explain auth setup
197,Add notification system for mobile event,Add notification system for mobile events,Feature Request,Medium,arjun,2025-07-22,2025-08-02,6.8,add notif mobil event
198,Set up CI/CD pipeline for admin service,Set up CI/CD pipeline for admin service,DevOps,Medium,arjun,2025-02-05,2025-02-17,3.1,set pipelin admin servic
199,Write onboarding guide for auth module,Write onboarding guide for auth module,Documentation,Low,arjun,2025-07-13,2025-08-04,6.0,write onboard guid auth modul
200,ASAP — deployment issue affecting auth d,ASAP — deployment issue affecting auth during checkout,DevOps,Urgent,arjun,2025-04-25,2025-04-26,3.3,asap deploy issu affect auth checkout
201,"No rush, but docs missing for reporting ","No rush, but docs missing for reporting configuration under peak load",Documentation,Low,neha,2025-05-22,2025-06-11,3.4,rush doc miss report configur peak load
202,Low priority — need to fix the task arou,Low priority — need to fix the task around notifications test failures,Testing,Low,neha,2025-08-17,2025-09-09,6.0,low prioriti need fix task notif test failur
203,Critical — fix broken deployment on sign,Critical — fix broken deployment on signup server,DevOps,Urgent,vikram,2025-01-29,2025-01-31,1.2,critic fix broken deploy signup server
204,Low priority — docs missing for reportin,Low priority — docs missing for reporting configuration under multiple,Documentation,Low,sneha,2025-09-24,2025-10-14,1.3,low prioriti doc miss report configur multipl
205,Whenever convenient — docs missing for a,Whenever convenient — docs missing for auth configuration under mobile,Documentation,Low,vikram,2025-06-26,2025-07-18,2.7,conveni doc miss auth configur mobil
206,Need to investigate the task explaining ,Need to investigate the task explaining search setup,Documentation,Medium,neha,2025-04-26,2025-05-07,4.2,need investig task explain search setup
207,Please prioritize — add dark mode suppor,Please prioritize — add dark mode support to the admin page,Feature Request,High,neha,2025-04-15,2025-04-21,9.1,priorit add dark mode support admin page
208,URGENT: users report payment stops respo,URGENT: users report payment stops responding during multiple,Bug,Urgent,neha,2025-04-07,2025-04-12,4.4,urgent user report payment stop respond multipl
209,Please handle the item related to notifi,Please handle the item related to notifications infrastructure,Backend,High,priya,2025-03-02,2025-03-09,4.9,handl item relat notif infrastructur
210,Please prioritize — fix broken deploymen,Please prioritize — fix broken deployment on peak load server,DevOps,High,rohan,2025-07-03,2025-07-09,4.0,priorit fix broken deploy peak load server
211,Need to address the case explaining paym,Need to address the case explaining payment setup,Documentation,Medium,sneha,2025-07-09,2025-07-20,6.4,need address case explain payment setup
212,Time-sensitive — login fails with error ,Time-sensitive — login fails with error 500 after signup attempts,Bug,High,priya,2025-08-02,2025-08-08,2.4,time sensit login fail error signup attempt
213,"When possible, add notification system f","When possible, add notification system for mobile events",Feature Request,Medium,sneha,2025-09-08,2025-09-20,4.6,possibl add notif mobil event
214,Allow users to filter user profile by ch,Allow users to filter user profile by checkout,Feature Request,Medium,arjun,2025-01-31,2025-02-13,6.7,allow user filter user profil checkout
215,Write unit tests for payment module,Write unit tests for payment module,Testing,High,priya,2025-03-19,2025-03-23,5.9,write unit test payment modul
216,Optimize database query for auth table,Optimize database query for auth table,Backend,Medium,arjun,2025-07-30,2025-08-08,5.0,optim databas queri auth tabl
217,Server-side payment logic fails under mu,Server-side payment logic fails under multiple,Backend,High,priya,2025-02-19,2025-02-27,5.1,server payment logic fail multipl
218,Please handle the item to support notifi,Please handle the item to support notifications customization,UI/UX,Low,priya,2025-08-24,2025-09-16,7.2,handl item support notif custom
219,Set up CI/CD pipeline for notifications ,Set up CI/CD pipeline for notifications service,DevOps,Medium,neha,2025-01-29,2025-02-07,18.8,set pipelin notif servic
220,Add notification system for signup event,Add notification system for signup events,Feature Request,Low,priya,2025-09-28,2025-10-17,2.6,add notif signup event
221,Requesting new option for admin during m,Requesting new option for admin during mobile,Feature Request,High,vikram,2025-05-24,2025-06-01,19.2,request new option admin mobil
222,Configure auto-scaling for user profile ,Configure auto-scaling for user profile during peak submit button,DevOps,Low,priya,2025-02-09,2025-03-02,2.5,configur auto scale user profil peak submit button
223,Need to handle the ticket affecting repo,Need to handle the ticket affecting reporting performance,Backend,Medium,neha,2025-02-10,2025-02-23,0.5,need handl ticket affect report perform
224,Whenever convenient — need to update the,Whenever convenient — need to update the item explaining notifications setup,Documentation,Low,arjun,2025-07-23,2025-08-13,3.2,conveni need updat item explain notif setup
225,Please handle the request related to use,Please handle the request related to user profile infrastructure,DevOps,Medium,arjun,2025-10-27,2025-11-08,6.4,handl request relat user profil infrastructur
226,Time-sensitive — fix flaky integration t,Time-sensitive — fix flaky integration test in payment during signup,Testing,High,rohan,2025-03-20,2025-03-27,16.4,time sensit fix flaki integr test payment signup
227,Low priority — update API docs for the a,Low priority — update API docs for the admin endpoint,Documentation,Low,vikram,2025-08-09,2025-08-31,2.3,low prioriti updat api doc admin endpoint
228,Time-sensitive — optimize database query,Time-sensitive — optimize database query for payment table,Backend,High,rohan,2025-07-17,2025-07-21,7.2,time sensit optim databas queri payment tabl
229,"When possible, redesign the reporting da","When possible, redesign the reporting dashboard for better readability",UI/UX,Medium,rohan,2025-03-13,2025-03-24,1.4,possibl redesign report dashboard better readabl
230,Low priority — update API docs for the a,Low priority — update API docs for the admin endpoint,Documentation,Low,vikram,2025-05-07,2025-05-29,16.0,low prioriti updat api doc admin endpoint
231,"When possible, optimize database query f","When possible, optimize database query for search table",Backend,Medium,rohan,2025-06-18,2025-06-30,11.1,possibl optim databas queri search tabl
232,Visual inconsistency on search during ch,Visual inconsistency on search during checkout,UI/UX,High,sneha,2025-06-10,2025-06-15,3.4,visual inconsist search checkout
233,"No rush, but need to review the item exp","No rush, but need to review the item explaining notifications setup",Documentation,Low,vikram,2025-10-16,2025-11-05,12.3,rush need review item explain notif setup
234,Server-side auth logic fails under submi,Server-side auth logic fails under submit button,Backend,Medium,neha,2025-02-05,2025-02-17,4.6,server auth logic fail submit button
235,"No rush, but improve accessibility of se","No rush, but improve accessibility of search form fields",Feature Request,Low,vikram,2025-10-26,2025-11-17,11.5,rush improv access search form field
236,Need to handle the problem affecting pay,Need to handle the problem affecting payment performance,Backend,Urgent,priya,2025-02-13,2025-02-14,5.0,need handl problem affect payment perform
237,Fix broken deployment on signup server,Fix broken deployment on signup server,DevOps,High,sneha,2025-07-24,2025-07-30,5.2,fix broken deploy signup server
238,"No rush, but memory leak detected in rep","No rush, but memory leak detected in reporting module during checkout",Bug,Low,rohan,2025-09-14,2025-10-04,3.5,rush memori leak detect report modul checkout
239,Memory leak detected in payment module d,Memory leak detected in payment module during peak load,Bug,High,sneha,2025-06-09,2025-06-15,7.8,memori leak detect payment modul peak load
240,Need to update the ticket around admin t,Need to update the ticket around admin test failures,Testing,Medium,arjun,2025-02-04,2025-02-15,5.5,need updat ticket admin test failur
241,Write unit tests for search module,Write unit tests for search module,Testing,High,priya,2025-05-05,2025-05-13,7.3,write unit test search modul
242,Server-side admin logic fails under peak,Server-side admin logic fails under peak load,Backend,Medium,arjun,2025-08-10,2025-08-22,1.1,server admin logic fail peak load
243,High priority: fix broken deployment on ,High priority: fix broken deployment on peak load server,DevOps,High,arjun,2025-02-02,2025-02-10,11.8,high prioriti fix broken deploy peak load server
244,Time-sensitive — fix flaky integration t,Time-sensitive — fix flaky integration test in search during multiple,Testing,High,vikram,2025-09-28,2025-10-04,13.7,time sensit fix flaki integr test search multipl
245,Visual inconsistency on search during su,Visual inconsistency on search during submit button,UI/UX,Medium,vikram,2025-06-02,2025-06-15,5.5,visual inconsist search submit button
246,Time-sensitive — memory leak detected in,Time-sensitive — memory leak detected in user profile module during submit button,Bug,High,vikram,2025-07-18,2025-07-25,18.0,time sensit memori leak detect user profil modul submit button
247,Add notification system for checkout eve,Add notification system for checkout events,Feature Request,Medium,vikram,2025-06-11,2025-06-23,15.3,add notif checkout event
248,ASAP — application crashes when peak loa,ASAP — application crashes when peak load is clicked on the user profile page,Bug,Urgent,neha,2025-09-09,2025-09-13,7.9,asap applic crash peak load click user profil page
249,Fix flaky integration test in reporting ,Fix flaky integration test in reporting during submit button,Testing,Medium,vikram,2025-05-21,2025-05-31,12.4,fix flaki integr test report submit button
250,Whenever convenient — need to address th,Whenever convenient — need to address the request explaining auth setup,Documentation,Low,vikram,2025-10-06,2025-10-27,10.3,conveni need address request explain auth setup
251,Need to investigate the issue around use,Need to investigate the issue around user profile test failures,Testing,High,arjun,2025-05-07,2025-05-13,0.8,need investig issu user profil test failur
252,Redesign the notifications dashboard for,Redesign the notifications dashboard for better readability,UI/UX,Medium,neha,2025-06-29,2025-07-12,4.0,redesign notif dashboard better readabl
253,"No rush, but fix alignment issue on user","No rush, but fix alignment issue on user profile page for monthly screen size",UI/UX,Low,rohan,2025-10-03,2025-10-23,8.3,rush fix align issu user profil page monthli screen size
254,Deployment task affecting notifications ,Deployment task affecting notifications during multiple,DevOps,Medium,neha,2025-01-31,2025-02-11,14.3,deploy task affect notif multipl
255,"When possible, implement export to CSV f","When possible, implement export to CSV for user profile reports",Feature Request,Medium,neha,2025-03-14,2025-03-27,1.3,possibl implement export csv user profil report
256,Need to update the ticket explaining pay,Need to update the ticket explaining payment setup,Documentation,Medium,sneha,2025-07-08,2025-07-20,0.9,need updat ticket explain payment setup
257,"When possible, update API docs for the a","When possible, update API docs for the admin endpoint",Documentation,Medium,sneha,2025-08-08,2025-08-18,4.8,possibl updat api doc admin endpoint
258,Document deployment steps for multiple e,Document deployment steps for multiple environment,Documentation,Low,arjun,2025-01-25,2025-02-13,0.5,document deploy step multipl environ
259,ASAP — please check the ticket related t,ASAP — please check the ticket related to payment infrastructure,DevOps,Urgent,priya,2025-03-09,2025-03-12,4.7,asap check ticket relat payment infrastructur
260,Critical — increase test coverage for au,Critical — increase test coverage for auth edge cases,DevOps,Urgent,neha,2025-04-30,2025-05-04,6.6,critic increas test coverag auth edg case
261,Time-sensitive — application crashes whe,Time-sensitive — application crashes when checkout is clicked on the admin page,Bug,High,neha,2025-01-05,2025-01-09,2.2,time sensit applic crash checkout click admin page
262,Need to address the issue explaining use,Need to address the issue explaining user profile setup,Documentation,Medium,rohan,2025-02-22,2025-03-03,4.8,need address issu explain user profil setup
263,Write onboarding guide for notifications,Write onboarding guide for notifications module,Documentation,High,arjun,2025-09-29,2025-10-07,9.7,write onboard guid notif modul
264,Need to review the problem affecting aut,Need to review the problem affecting auth performance,Backend,High,arjun,2025-08-15,2025-08-20,3.2,need review problem affect auth perform
265,Application crashes when mobile is click,Application crashes when mobile is clicked on the auth page,Bug,Medium,rohan,2025-03-13,2025-03-23,2.5,applic crash mobil click auth page
266,Deployment case affecting reporting duri,Deployment case affecting reporting during mobile,Testing,Low,vikram,2025-04-16,2025-05-09,4.6,deploy case affect report mobil
267,Need to fix the case affecting auth perf,Need to fix the case affecting auth performance,Backend,Medium,arjun,2025-09-11,2025-09-23,2.0,need fix case affect auth perform
268,Please fix the item to support reporting,Please fix the item to support reporting customization,Feature Request,Medium,rohan,2025-10-19,2025-10-31,17.1,fix item support report custom
269,Please prioritize — need to fix the requ,Please prioritize — need to fix the request affecting payment performance,Backend,High,vikram,2025-01-31,2025-02-07,5.1,priorit need fix request affect payment perform
270,"When possible, docs missing for admin co","When possible, docs missing for admin configuration under monthly",Documentation,Medium,arjun,2025-03-20,2025-03-31,2.8,possibl doc miss admin configur monthli
271,Whenever convenient — write onboarding g,Whenever convenient — write onboarding guide for user profile module,Documentation,Low,neha,2025-02-03,2025-02-24,5.9,conveni write onboard guid user profil modul
272,Time-sensitive — fix alignment issue on ,Time-sensitive — fix alignment issue on user profile page for submit button screen size,UI/UX,High,arjun,2025-06-08,2025-06-13,4.6,time sensit fix align issu user profil page submit button screen size
273,Time-sensitive — unexpected behavior in ,Time-sensitive — unexpected behavior in user profile when using submit button,Bug,High,neha,2025-07-10,2025-07-15,4.2,time sensit unexpect behavior user profil use submit button
274,Time-sensitive — write unit tests for pa,Time-sensitive — write unit tests for payment module,Bug,High,vikram,2025-09-12,2025-09-19,3.2,time sensit write unit test payment modul
275,Docs missing for search configuration un,Docs missing for search configuration under checkout,Documentation,Low,neha,2025-03-01,2025-03-21,3.1,doc miss search configur checkout
276,Low priority — optimize database query f,Low priority — optimize database query for payment table,Backend,Low,neha,2025-01-19,2025-02-11,1.1,low prioriti optim databas queri payment tabl
277,High priority: fix broken deployment on ,High priority: fix broken deployment on multiple server,DevOps,High,neha,2025-03-03,2025-03-11,12.4,high prioriti fix broken deploy multipl server
278,Users report payment stops responding du,Users report payment stops responding during mobile,Bug,Medium,arjun,2025-06-09,2025-06-20,7.6,user report payment stop respond mobil
279,Add caching layer to search API,Add caching layer to search API,Backend,Medium,neha,2025-09-10,2025-09-20,6.3,add cach layer search api
280,Please prioritize — refactor payment ser,Please prioritize — refactor payment service to reduce latency during checkout,Backend,High,arjun,2025-01-05,2025-01-11,4.5,priorit refactor payment servic reduc latenc checkout
281,High priority: increase test coverage fo,High priority: increase test coverage for user profile edge cases,Testing,High,arjun,2025-03-14,2025-03-20,2.1,high prioriti increas test coverag user profil edg case
282,Users report admin stops responding duri,Users report admin stops responding during mobile,Bug,Urgent,priya,2025-02-18,2025-02-23,2.6,user report admin stop respond mobil
283,Critical — set up CI/CD pipeline for rep,Critical — set up CI/CD pipeline for reporting service,DevOps,Urgent,sneha,2025-05-14,2025-05-17,1.3,critic set pipelin report servic
284,Critical — configure auto-scaling for ad,Critical — configure auto-scaling for admin during peak multiple,DevOps,Urgent,priya,2025-10-27,2025-10-28,2.9,critic configur auto scale admin peak multipl
285,Data not saving correctly when multiple ,Data not saving correctly when multiple is submitted,Bug,Medium,arjun,2025-08-26,2025-09-06,1.9,data save correctli multipl submit
286,Unexpected behavior in notifications whe,Unexpected behavior in notifications when using multiple,Bug,Medium,rohan,2025-02-16,2025-02-26,14.8,unexpect behavior notif use multipl
287,Improve accessibility of notifications f,Improve accessibility of notifications form fields,UI/UX,Medium,priya,2025-10-12,2025-10-25,9.3,improv access notif form field
288,High priority: users report user profile,High priority: users report user profile stops responding during monthly,Bug,High,neha,2025-07-25,2025-07-31,5.3,high prioriti user report user profil stop respond monthli
289,URGENT: set up CI/CD pipeline for report,URGENT: set up CI/CD pipeline for reporting service,DevOps,Urgent,arjun,2025-08-16,2025-08-18,2.4,urgent set pipelin report servic
290,Time-sensitive — increase test coverage ,Time-sensitive — increase test coverage for payment edge cases,Testing,High,arjun,2025-07-22,2025-07-29,2.0,time sensit increas test coverag payment edg case
291,Fix alignment issue on user profile page,Fix alignment issue on user profile page for multiple screen size,Feature Request,Medium,sneha,2025-06-01,2025-06-13,4.3,fix align issu user profil page multipl screen size
292,"When possible, optimize database query f","When possible, optimize database query for admin table",Backend,Medium,sneha,2025-10-06,2025-10-15,9.5,possibl optim databas queri admin tabl
293,Need to address the item around notifica,Need to address the item around notifications test failures,Testing,High,priya,2025-07-18,2025-07-24,1.3,need address item notif test failur
294,Login fails with error 500 after submit ,Login fails with error 500 after submit button attempts,Bug,Medium,priya,2025-07-03,2025-07-16,7.5,login fail error submit button attempt
295,Requesting new option for search during ,Requesting new option for search during checkout,Feature Request,Low,priya,2025-07-18,2025-08-08,2.9,request new option search checkout
296,Whenever convenient — allow users to fil,Whenever convenient — allow users to filter auth by monthly,Feature Request,Low,priya,2025-10-18,2025-11-10,3.3,conveni allow user filter auth monthli
297,URGENT: need to check the ticket affecti,URGENT: need to check the ticket affecting search performance,Backend,Urgent,vikram,2025-04-23,2025-04-24,5.2,urgent need check ticket affect search perform
298,Visual inconsistency on notifications du,Visual inconsistency on notifications during checkout,UI/UX,Low,arjun,2025-06-15,2025-07-04,2.4,visual inconsist notif checkout
299,"When possible, implement export to CSV f","When possible, implement export to CSV for payment reports",Feature Request,Medium,rohan,2025-02-21,2025-03-04,4.1,possibl implement export csv payment report
300,Whenever convenient — write onboarding g,Whenever convenient — write onboarding guide for admin module,Documentation,Low,neha,2025-07-02,2025-07-22,2.2,conveni write onboard guid admin modul
301,High priority: need to resolve the task ,High priority: need to resolve the task affecting auth performance,Backend,High,vikram,2025-10-21,2025-10-28,3.1,high prioriti need resolv task affect auth perform
302,Memory leak detected in reporting module,Memory leak detected in reporting module during monthly,Bug,Medium,rohan,2025-02-09,2025-02-19,8.5,memori leak detect report modul monthli
303,Low priority — update API docs for the a,Low priority — update API docs for the auth endpoint,Documentation,Low,rohan,2025-02-04,2025-02-25,5.4,low prioriti updat api doc auth endpoint
304,Low priority — write unit tests for admi,Low priority — write unit tests for admin module,Testing,Low,rohan,2025-09-10,2025-10-02,8.5,low prioriti write unit test admin modul
305,Need to review the task affecting notifi,Need to review the task affecting notifications performance,Backend,Medium,arjun,2025-06-13,2025-06-24,2.8,need review task affect notif perform
306,Data not saving correctly when checkout ,Data not saving correctly when checkout is submitted,Bug,Medium,vikram,2025-06-23,2025-07-06,7.6,data save correctli checkout submit
307,Please prioritize — please investigate t,Please prioritize — please investigate the task layout for user profile,UI/UX,High,neha,2025-04-08,2025-04-15,1.0,priorit investig task layout user profil
308,High priority: server-side auth logic fa,High priority: server-side auth logic fails under multiple,Backend,High,priya,2025-10-09,2025-10-16,5.2,high prioriti server auth logic fail multipl
309,High priority: data not saving correctly,High priority: data not saving correctly when submit button is submitted,Bug,High,sneha,2025-05-30,2025-06-03,7.9,high prioriti data save correctli submit button submit
310,"No rush, but need to resolve the issue a","No rush, but need to resolve the issue around admin test failures",Testing,Low,priya,2025-07-15,2025-08-05,0.9,rush need resolv issu admin test failur
311,Low priority — please review the case la,Low priority — please review the case layout for search,UI/UX,Low,neha,2025-02-19,2025-03-10,2.9,low prioriti review case layout search
312,Need to review the request explaining re,Need to review the request explaining reporting setup,Documentation,Medium,neha,2025-08-03,2025-08-16,5.2,need review request explain report setup
313,URGENT: qA found issue in admin during c,URGENT: qA found issue in admin during checkout,Testing,Urgent,neha,2025-09-22,2025-09-27,10.0,urgent issu admin checkout
314,Low priority — need to review the case a,Low priority — need to review the case affecting user profile performance,Backend,Low,neha,2025-08-11,2025-08-31,3.1,low prioriti need review case affect user profil perform
315,Please prioritize — allow users to filte,Please prioritize — allow users to filter auth by multiple,Feature Request,High,sneha,2025-05-22,2025-05-30,7.3,priorit allow user filter auth multipl
316,Low priority — qA found issue in reporti,Low priority — qA found issue in reporting during mobile,Testing,Low,arjun,2025-10-26,2025-11-14,12.9,low prioriti issu report mobil
317,Time-sensitive — add caching layer to re,Time-sensitive — add caching layer to reporting API,Backend,High,priya,2025-08-31,2025-09-04,7.6,time sensit add cach layer report api
318,"No rush, but docs missing for auth confi","No rush, but docs missing for auth configuration under mobile",Documentation,Low,rohan,2025-01-26,2025-02-17,4.3,rush doc miss auth configur mobil
319,Low priority — document deployment steps,Low priority — document deployment steps for multiple environment,Documentation,Low,rohan,2025-04-27,2025-05-17,6.6,low prioriti document deploy step multipl environ
320,High priority: configure auto-scaling fo,High priority: configure auto-scaling for auth during peak multiple,DevOps,High,vikram,2025-07-28,2025-08-04,3.0,high prioriti configur auto scale auth peak multipl
321,"When possible, write unit tests for noti","When possible, write unit tests for notifications module",Testing,Medium,arjun,2025-09-26,2025-10-09,5.3,possibl write unit test notif modul
322,"No rush, but implement export to CSV for","No rush, but implement export to CSV for payment reports",Feature Request,Low,sneha,2025-05-21,2025-06-11,4.4,rush implement export csv payment report
323,Optimize database query for payment tabl,Optimize database query for payment table,Backend,Medium,vikram,2025-08-31,2025-09-13,6.4,optim databas queri payment tabl
324,Low priority — document deployment steps,Low priority — document deployment steps for signup environment,Documentation,Low,priya,2025-10-20,2025-11-09,3.6,low prioriti document deploy step signup environ
325,"When possible, fix broken deployment on ","When possible, fix broken deployment on multiple server",Backend,Medium,arjun,2025-03-30,2025-04-12,6.7,possibl fix broken deploy multipl server
326,Allow users to filter auth by signup,Allow users to filter auth by signup,Feature Request,Low,priya,2025-08-24,2025-09-14,3.5,allow user filter auth signup
327,"When possible, visual inconsistency on r","When possible, visual inconsistency on reporting during monthly",UI/UX,Medium,neha,2025-07-11,2025-07-24,9.2,possibl visual inconsist report monthli
328,Please prioritize — add caching layer to,Please prioritize — add caching layer to payment API,Backend,High,neha,2025-05-22,2025-05-28,3.8,priorit add cach layer payment api
329,Configure auto-scaling for user profile ,Configure auto-scaling for user profile during peak checkout,DevOps,Urgent,neha,2025-07-26,2025-07-29,0.5,configur auto scale user profil peak checkout
330,"When possible, requesting new option for","When possible, requesting new option for search during peak load",UI/UX,Medium,neha,2025-06-25,2025-07-05,2.0,possibl request new option search peak load
331,Time-sensitive — need to resolve the cas,Time-sensitive — need to resolve the case affecting search performance,Backend,High,arjun,2025-04-03,2025-04-09,5.1,time sensit need resolv case affect search perform
332,Improve accessibility of notifications f,Improve accessibility of notifications form fields,UI/UX,Low,priya,2025-04-24,2025-05-15,14.7,improv access notif form field
333,ASAP — please handle the item related to,ASAP — please handle the item related to search infrastructure,DevOps,Urgent,neha,2025-08-29,2025-08-30,8.9,asap handl item relat search infrastructur
334,Time-sensitive — server-side admin logic,Time-sensitive — server-side admin logic fails under submit button,Backend,High,arjun,2025-06-02,2025-06-09,0.4,time sensit server admin logic fail submit button
335,Fix flaky integration test in search dur,Fix flaky integration test in search during checkout,Testing,High,neha,2025-03-15,2025-03-21,1.2,fix flaki integr test search checkout
336,High priority: add notification system f,High priority: add notification system for multiple events,Feature Request,High,vikram,2025-04-18,2025-04-23,10.9,high prioriti add notif multipl event
337,"No rush, but write unit tests for report","No rush, but write unit tests for reporting module",Testing,Low,arjun,2025-07-16,2025-08-04,7.9,rush write unit test report modul
338,"When possible, add caching layer to sear","When possible, add caching layer to search API",Backend,Medium,rohan,2025-04-26,2025-05-07,20.0,possibl add cach layer search api
339,Please check the issue to support search,Please check the issue to support search customization,Feature Request,Low,neha,2025-05-29,2025-06-20,3.4,check issu support search custom
340,Add caching layer to auth API,Add caching layer to auth API,Backend,High,sneha,2025-04-07,2025-04-12,2.4,add cach layer auth api
341,Unexpected behavior in user profile when,Unexpected behavior in user profile when using checkout,Bug,Medium,neha,2025-01-20,2025-02-01,5.3,unexpect behavior user profil use checkout
342,Docs missing for reporting configuration,Docs missing for reporting configuration under submit button,Feature Request,Medium,sneha,2025-08-02,2025-08-14,3.4,doc miss report configur submit button
343,High priority: data not saving correctly,High priority: data not saving correctly when signup is submitted,Bug,High,rohan,2025-02-21,2025-03-01,10.2,high prioriti data save correctli signup submit
344,Refactor notifications service to reduce,Refactor notifications service to reduce latency during peak load,Backend,High,sneha,2025-02-28,2025-03-04,3.3,refactor notif servic reduc latenc peak load
345,Allow users to filter reporting by month,Allow users to filter reporting by monthly,Feature Request,Medium,sneha,2025-01-21,2025-02-03,4.0,allow user filter report monthli
346,Add notification system for multiple eve,Add notification system for multiple events,Feature Request,Medium,arjun,2025-09-10,2025-09-20,2.1,add notif multipl event
347,Write unit tests for auth module,Write unit tests for auth module,Testing,Medium,arjun,2025-08-26,2025-09-04,8.5,write unit test auth modul
348,"No rush, but write unit tests for search","No rush, but write unit tests for search module",Testing,Low,arjun,2025-02-18,2025-03-09,2.2,rush write unit test search modul
349,Whenever convenient — fix flaky integrat,Whenever convenient — fix flaky integration test in search during multiple,Testing,Low,arjun,2025-06-25,2025-07-15,6.8,conveni fix flaki integr test search multipl
350,Please investigate the problem layout fo,Please investigate the problem layout for notifications,UI/UX,Medium,priya,2025-03-27,2025-04-05,16.4,investig problem layout notif
351,ASAP — fix broken deployment on submit b,ASAP — fix broken deployment on submit button server,DevOps,Urgent,vikram,2025-07-14,2025-07-17,0.8,asap fix broken deploy submit button server
352,ASAP — users report user profile stops r,ASAP — users report user profile stops responding during signup,Bug,Urgent,neha,2025-02-02,2025-02-05,13.3,asap user report user profil stop respond signup
353,Docs missing for auth configuration unde,Docs missing for auth configuration under monthly,Documentation,Low,neha,2025-02-18,2025-03-12,6.2,doc miss auth configur monthli
354,Configure auto-scaling for auth during p,Configure auto-scaling for auth during peak signup,DevOps,Medium,neha,2025-01-28,2025-02-06,1.8,configur auto scale auth peak signup
355,Add notification system for monthly even,Add notification system for monthly events,Feature Request,Medium,arjun,2025-06-19,2025-06-30,5.4,add notif monthli event
356,"When possible, need to review the issue ","When possible, need to review the issue affecting notifications performance",Backend,Medium,rohan,2025-09-13,2025-09-25,8.4,possibl need review issu affect notif perform
357,URGENT: unexpected behavior in payment w,URGENT: unexpected behavior in payment when using signup,Bug,Urgent,vikram,2025-06-05,2025-06-10,2.5,urgent unexpect behavior payment use signup
358,Add notification system for multiple eve,Add notification system for multiple events,Feature Request,Medium,neha,2025-08-31,2025-09-11,7.1,add notif multipl event
359,"No rush, but fix alignment issue on sear","No rush, but fix alignment issue on search page for submit button screen size",UI/UX,Low,arjun,2025-07-11,2025-07-30,14.1,rush fix align issu search page submit button screen size
360,Requesting new option for auth during si,Requesting new option for auth during signup,Feature Request,Medium,sneha,2025-07-21,2025-07-31,3.3,request new option auth signup
361,Increase test coverage for notifications,Increase test coverage for notifications edge cases,Testing,High,sneha,2025-03-05,2025-03-12,2.1,increas test coverag notif edg case
362,Deployment request affecting admin durin,Deployment request affecting admin during checkout,DevOps,High,sneha,2025-08-10,2025-08-18,4.5,deploy request affect admin checkout
363,Refactor reporting service to reduce lat,Refactor reporting service to reduce latency during signup,Backend,High,sneha,2025-06-14,2025-06-22,5.2,refactor report servic reduc latenc signup
364,Critical — fix alignment issue on admin ,Critical — fix alignment issue on admin page for multiple screen size,UI/UX,Urgent,neha,2025-09-20,2025-09-23,10.5,critic fix align issu admin page multipl screen size
365,Blocking release — server-side user prof,Blocking release — server-side user profile logic fails under signup,Backend,Urgent,vikram,2025-03-09,2025-03-11,4.4,block releas server user profil logic fail signup
366,Time-sensitive — add caching layer to pa,Time-sensitive — add caching layer to payment API,Backend,High,rohan,2025-08-02,2025-08-10,3.5,time sensit add cach layer payment api
367,"When possible, write unit tests for paym","When possible, write unit tests for payment module",DevOps,Medium,neha,2025-03-24,2025-04-04,2.0,possibl write unit test payment modul
368,Update API docs for the notifications en,Update API docs for the notifications endpoint,Feature Request,Low,neha,2025-02-22,2025-03-17,0.9,updat api doc notif endpoint
369,Time-sensitive — fix broken deployment o,Time-sensitive — fix broken deployment on signup server,DevOps,High,sneha,2025-01-25,2025-02-01,1.5,time sensit fix broken deploy signup server
370,ASAP — improve accessibility of payment ,ASAP — improve accessibility of payment form fields,UI/UX,Urgent,vikram,2025-07-08,2025-07-13,1.5,asap improv access payment form field
371,High priority: fix broken deployment on ,High priority: fix broken deployment on multiple server,DevOps,High,arjun,2025-03-03,2025-03-10,4.1,high prioriti fix broken deploy multipl server
372,"When possible, improve accessibility of ","When possible, improve accessibility of user profile form fields",UI/UX,Medium,rohan,2025-01-21,2025-01-31,1.1,possibl improv access user profil form field
373,Server-side auth logic fails under month,Server-side auth logic fails under monthly,Backend,Low,vikram,2025-02-07,2025-02-28,4.8,server auth logic fail monthli
374,ASAP — please check the ticket to suppor,ASAP — please check the ticket to support notifications customization,Feature Request,Urgent,neha,2025-04-24,2025-04-26,16.1,asap check ticket support notif custom
375,Document deployment steps for checkout e,Document deployment steps for checkout environment,Documentation,Low,neha,2025-01-05,2025-01-24,10.8,document deploy step checkout environ
376,Docs missing for user profile configurat,Docs missing for user profile configuration under mobile,Documentation,Low,rohan,2025-02-28,2025-03-22,4.0,doc miss user profil configur mobil
377,Optimize database query for notification,Optimize database query for notifications table,Backend,High,neha,2025-01-23,2025-01-29,23.1,optim databas queri notif tabl
378,"When possible, add dark mode support to ","When possible, add dark mode support to the user profile page",Feature Request,Medium,arjun,2025-04-20,2025-05-02,5.2,possibl add dark mode support user profil page
379,Requesting new option for notifications ,Requesting new option for notifications during signup,UI/UX,Medium,neha,2025-01-13,2025-01-25,5.8,request new option notif signup
380,Low priority — update API docs for the u,Low priority — update API docs for the user profile endpoint,Documentation,Low,sneha,2025-07-28,2025-08-19,4.5,low prioriti updat api doc user profil endpoint
381,Time-sensitive — configure auto-scaling ,Time-sensitive — configure auto-scaling for admin during peak submit button,DevOps,High,neha,2025-10-27,2025-10-31,4.9,time sensit configur auto scale admin peak submit button
382,"No rush, but qA found request in search ","No rush, but qA found request in search during submit button",Testing,Low,priya,2025-01-16,2025-02-07,3.2,rush request search submit button
383,"When possible, need to resolve the probl","When possible, need to resolve the problem affecting notifications performance",Backend,Medium,vikram,2025-07-11,2025-07-20,4.1,possibl need resolv problem affect notif perform
384,Write unit tests for payment module,Write unit tests for payment module,Testing,Medium,sneha,2025-06-26,2025-07-06,13.4,write unit test payment modul
385,Fix broken deployment on checkout server,Fix broken deployment on checkout server,DevOps,Urgent,arjun,2025-04-03,2025-04-08,11.5,fix broken deploy checkout server
386,Please prioritize — qA found item in aut,Please prioritize — qA found item in auth during peak load,Testing,High,rohan,2025-10-25,2025-11-01,0.5,priorit item auth peak load
387,"No rush, but write onboarding guide for ","No rush, but write onboarding guide for search module",Documentation,Low,priya,2025-06-06,2025-06-29,1.3,rush write onboard guid search modul
388,High priority: add caching layer to user,High priority: add caching layer to user profile API,Backend,High,rohan,2025-08-12,2025-08-18,2.6,high prioriti add cach layer user profil api
389,Allow users to filter admin by peak load,Allow users to filter admin by peak load,Feature Request,Medium,neha,2025-02-25,2025-03-07,9.6,allow user filter admin peak load
390,Whenever convenient — add caching layer ,Whenever convenient — add caching layer to notifications API,Backend,Low,arjun,2025-02-09,2025-02-28,11.7,conveni add cach layer notif api
391,Write unit tests for reporting module,Write unit tests for reporting module,Testing,Medium,sneha,2025-10-06,2025-10-19,8.3,write unit test report modul
392,URGENT: configure auto-scaling for user ,URGENT: configure auto-scaling for user profile during peak peak load,DevOps,Urgent,neha,2025-09-15,2025-09-16,1.8,urgent configur auto scale user profil peak peak load
393,Time-sensitive — please check the ticket,Time-sensitive — please check the ticket to support user profile customization,Feature Request,High,rohan,2025-03-16,2025-03-23,3.2,time sensit check ticket support user profil custom
394,"When possible, data not saving correctly","When possible, data not saving correctly when checkout is submitted",Bug,Medium,sneha,2025-07-04,2025-07-16,7.1,possibl data save correctli checkout submit
395,Redesign the search dashboard for better,Redesign the search dashboard for better readability,UI/UX,High,vikram,2025-05-21,2025-05-27,4.1,redesign search dashboard better readabl
396,High priority: need to handle the reques,High priority: need to handle the request affecting admin performance,Backend,High,vikram,2025-07-12,2025-07-17,3.7,high prioriti need handl request affect admin perform
397,Improve accessibility of notifications f,Improve accessibility of notifications form fields,UI/UX,Medium,vikram,2025-04-28,2025-05-07,3.7,improv access notif form field
398,Fix broken deployment on checkout server,Fix broken deployment on checkout server,DevOps,Medium,rohan,2025-04-28,2025-05-10,11.0,fix broken deploy checkout server
399,Please check the problem related to user,Please check the problem related to user profile infrastructure,Backend,Medium,vikram,2025-03-07,2025-03-20,7.7,check problem relat user profil infrastructur
400,Low priority — please check the issue to,Low priority — please check the issue to support reporting customization,Feature Request,Low,vikram,2025-07-27,2025-08-19,3.9,low prioriti check issu support report custom
401,Configure auto-scaling for user profile ,Configure auto-scaling for user profile during peak submit button,DevOps,Low,sneha,2025-03-29,2025-04-18,6.4,configur auto scale user profil peak submit button
402,"No rush, but server-side notifications l","No rush, but server-side notifications logic fails under monthly",Backend,Low,vikram,2025-06-25,2025-07-17,1.6,rush server notif logic fail monthli
403,Whenever convenient — need to update the,Whenever convenient — need to update the issue affecting user profile performance,Backend,Low,arjun,2025-03-18,2025-04-10,3.2,conveni need updat issu affect user profil perform
404,Please update the issue to support payme,Please update the issue to support payment customization,Feature Request,Medium,neha,2025-10-04,2025-10-13,10.3,updat issu support payment custom
405,High priority: please fix the problem re,High priority: please fix the problem related to notifications infrastructure,DevOps,High,rohan,2025-09-04,2025-09-11,1.1,high prioriti fix problem relat notif infrastructur
406,High priority: server-side admin logic f,High priority: server-side admin logic fails under submit button,Backend,High,vikram,2025-02-12,2025-02-18,7.7,high prioriti server admin logic fail submit button
407,"When possible, refactor auth service to ","When possible, refactor auth service to reduce latency during submit button",DevOps,Medium,rohan,2025-06-11,2025-06-23,0.5,possibl refactor auth servic reduc latenc submit button
408,"When possible, unexpected behavior in se","When possible, unexpected behavior in search when using mobile",Bug,Medium,priya,2025-05-22,2025-06-03,14.9,possibl unexpect behavior search use mobil
409,Visual inconsistency on user profile dur,Visual inconsistency on user profile during peak load,UI/UX,Medium,neha,2025-10-23,2025-11-03,3.2,visual inconsist user profil peak load
410,High priority: redesign the user profile,High priority: redesign the user profile dashboard for better readability,UI/UX,High,rohan,2025-09-18,2025-09-25,6.7,high prioriti redesign user profil dashboard better readabl
411,Write unit tests for admin module,Write unit tests for admin module,Testing,Medium,arjun,2025-08-11,2025-08-20,5.5,write unit test admin modul
412,Whenever convenient — update API docs fo,Whenever convenient — update API docs for the payment endpoint,Documentation,Low,neha,2025-01-30,2025-02-19,5.6,conveni updat api doc payment endpoint
413,"When possible, fix alignment issue on au","When possible, fix alignment issue on auth page for monthly screen size",UI/UX,Medium,priya,2025-04-29,2025-05-12,6.3,possibl fix align issu auth page monthli screen size
414,Fix broken deployment on signup server,Fix broken deployment on signup server,DevOps,Low,sneha,2025-06-30,2025-07-22,0.9,fix broken deploy signup server
415,"When possible, optimize database query f","When possible, optimize database query for auth table",Backend,Medium,rohan,2025-10-26,2025-11-06,5.7,possibl optim databas queri auth tabl
416,QA found request in admin during checkou,QA found request in admin during checkout,Testing,Medium,arjun,2025-02-24,2025-03-09,4.3,request admin checkout
417,Optimize database query for reporting ta,Optimize database query for reporting table,Backend,Medium,vikram,2025-08-15,2025-08-27,3.2,optim databas queri report tabl
418,Improve accessibility of admin form fiel,Improve accessibility of admin form fields,UI/UX,High,sneha,2025-05-13,2025-05-17,2.6,improv access admin form field
419,Blocking release — fix broken deployment,Blocking release — fix broken deployment on signup server,DevOps,Urgent,priya,2025-01-05,2025-01-08,5.8,block releas fix broken deploy signup server
420,Low priority — document deployment steps,Low priority — document deployment steps for submit button environment,Documentation,Low,neha,2025-05-18,2025-06-07,2.1,low prioriti document deploy step submit button environ
421,Fix broken deployment on peak load serve,Fix broken deployment on peak load server,DevOps,Urgent,priya,2025-04-16,2025-04-18,10.1,fix broken deploy peak load server
422,QA found issue in user profile during mu,QA found issue in user profile during multiple,Testing,Medium,arjun,2025-09-10,2025-09-23,7.1,issu user profil multipl
423,Time-sensitive — write unit tests for ad,Time-sensitive — write unit tests for admin module,Testing,High,vikram,2025-09-09,2025-09-14,6.1,time sensit write unit test admin modul
424,Docs missing for payment configuration u,Docs missing for payment configuration under checkout,Feature Request,Low,sneha,2025-07-21,2025-08-10,9.9,doc miss payment configur checkout
425,Please prioritize — data not saving corr,Please prioritize — data not saving correctly when multiple is submitted,Bug,High,vikram,2025-06-16,2025-06-22,0.7,priorit data save correctli multipl submit
426,QA found ticket in user profile during m,QA found ticket in user profile during multiple,Testing,Medium,sneha,2025-04-05,2025-04-17,1.5,ticket user profil multipl
427,"When possible, allow users to filter not","When possible, allow users to filter notifications by multiple",Feature Request,Medium,arjun,2025-10-22,2025-11-01,7.3,possibl allow user filter notif multipl
428,"When possible, fix broken deployment on ","When possible, fix broken deployment on mobile server",DevOps,Medium,sneha,2025-01-05,2025-01-15,2.7,possibl fix broken deploy mobil server
429,"No rush, but visual inconsistency on aut","No rush, but visual inconsistency on auth during mobile",UI/UX,Low,sneha,2025-10-18,2025-11-06,3.0,rush visual inconsist auth mobil
430,Application crashes when checkout is cli,Application crashes when checkout is clicked on the notifications page,Bug,High,rohan,2025-06-21,2025-06-27,1.3,applic crash checkout click notif page
431,"When possible, document deployment steps","When possible, document deployment steps for multiple environment",Documentation,Medium,vikram,2025-04-12,2025-04-25,2.1,possibl document deploy step multipl environ
432,Please prioritize — fix broken deploymen,Please prioritize — fix broken deployment on monthly server,DevOps,High,sneha,2025-08-17,2025-08-21,10.3,priorit fix broken deploy monthli server
433,"When possible, refactor user profile ser","When possible, refactor user profile service to reduce latency during monthly",Backend,Medium,priya,2025-02-06,2025-02-15,7.2,possibl refactor user profil servic reduc latenc monthli
434,"No rush, but document deployment steps f","No rush, but document deployment steps for signup environment",Documentation,Low,vikram,2025-07-05,2025-07-28,5.8,rush document deploy step signup environ
435,Fix alignment issue on payment page for ,Fix alignment issue on payment page for monthly screen size,UI/UX,Medium,priya,2025-02-10,2025-02-20,3.1,fix align issu payment page monthli screen size
436,Redesign the reporting dashboard for bet,Redesign the reporting dashboard for better readability,UI/UX,Low,rohan,2025-02-12,2025-03-03,5.5,redesign report dashboard better readabl
437,"When possible, need to review the proble","When possible, need to review the problem affecting user profile performance",Backend,Medium,arjun,2025-09-27,2025-10-07,10.9,possibl need review problem affect user profil perform
438,Users report notifications stops respond,Users report notifications stops responding during multiple,Bug,High,sneha,2025-05-20,2025-05-28,2.7,user report notif stop respond multipl
439,Requesting new option for user profile d,Requesting new option for user profile during mobile,Feature Request,Urgent,neha,2025-08-11,2025-08-16,4.9,request new option user profil mobil
440,Please prioritize — configure auto-scali,Please prioritize — configure auto-scaling for reporting during peak peak load,DevOps,High,rohan,2025-05-14,2025-05-19,15.5,priorit configur auto scale report peak peak load
441,Whenever convenient — users report notif,Whenever convenient — users report notifications stops responding during monthly,Testing,Low,arjun,2025-09-02,2025-09-23,8.3,conveni user report notif stop respond monthli
442,Increase test coverage for user profile ,Increase test coverage for user profile edge cases,Testing,Medium,priya,2025-08-12,2025-08-24,3.1,increas test coverag user profil edg case
443,Requesting new option for notifications ,Requesting new option for notifications during peak load,Feature Request,Medium,neha,2025-09-22,2025-10-05,7.8,request new option notif peak load
444,Deployment task affecting search during ,Deployment task affecting search during monthly,DevOps,Medium,neha,2025-05-29,2025-06-07,1.1,deploy task affect search monthli
445,Improve accessibility of reporting form ,Improve accessibility of reporting form fields,Feature Request,Medium,rohan,2025-04-06,2025-04-15,4.7,improv access report form field
446,"No rush, but need to review the issue ex","No rush, but need to review the issue explaining payment setup",Documentation,Low,sneha,2025-08-04,2025-08-25,7.8,rush need review issu explain payment setup
447,"No rush, but update API docs for the pay","No rush, but update API docs for the payment endpoint",Feature Request,Low,rohan,2025-04-03,2025-04-23,6.6,rush updat api doc payment endpoint
448,Write unit tests for notifications modul,Write unit tests for notifications module,Testing,Medium,sneha,2025-01-18,2025-01-28,7.8,write unit test notif modul
449,Blocking release — deployment ticket aff,Blocking release — deployment ticket affecting user profile during signup,DevOps,Urgent,neha,2025-03-23,2025-03-24,9.0,block releas deploy ticket affect user profil signup
450,High priority: add caching layer to auth,High priority: add caching layer to auth API,Backend,High,priya,2025-04-22,2025-04-26,7.0,high prioriti add cach layer auth api
451,High priority: set up CI/CD pipeline for,High priority: set up CI/CD pipeline for notifications service,Backend,High,neha,2025-10-25,2025-11-01,6.9,high prioriti set pipelin notif servic
452,Optimize database query for user profile,Optimize database query for user profile table,Backend,Medium,rohan,2025-01-31,2025-02-09,5.8,optim databas queri user profil tabl
453,"When possible, deployment ticket affecti","When possible, deployment ticket affecting payment during monthly",DevOps,Medium,neha,2025-06-27,2025-07-09,1.9,possibl deploy ticket affect payment monthli
454,Add notification system for multiple eve,Add notification system for multiple events,Feature Request,Low,rohan,2025-08-13,2025-09-05,10.3,add notif multipl event
455,Refactor user profile service to reduce ,Refactor user profile service to reduce latency during mobile,Backend,High,arjun,2025-10-11,2025-10-16,4.8,refactor user profil servic reduc latenc mobil
456,"When possible, add caching layer to sear","When possible, add caching layer to search API",Backend,Medium,vikram,2025-04-05,2025-04-14,8.1,possibl add cach layer search api
457,QA found problem in search during checko,QA found problem in search during checkout,Testing,Medium,neha,2025-04-08,2025-04-21,9.6,problem search checkout
458,High priority: fix alignment issue on se,High priority: fix alignment issue on search page for mobile screen size,UI/UX,High,priya,2025-02-04,2025-02-08,3.3,high prioriti fix align issu search page mobil screen size
459,Time-sensitive — implement export to CSV,Time-sensitive — implement export to CSV for admin reports,Feature Request,High,vikram,2025-09-08,2025-09-16,3.5,time sensit implement export csv admin report
460,Set up CI/CD pipeline for user profile s,Set up CI/CD pipeline for user profile service,DevOps,High,sneha,2025-09-09,2025-09-13,3.9,set pipelin user profil servic
461,Time-sensitive — increase test coverage ,Time-sensitive — increase test coverage for auth edge cases,DevOps,High,neha,2025-09-28,2025-10-02,11.6,time sensit increas test coverag auth edg case
462,Application crashes when checkout is cli,Application crashes when checkout is clicked on the reporting page,Bug,Urgent,vikram,2025-04-08,2025-04-10,2.3,applic crash checkout click report page
463,"When possible, fix broken deployment on ","When possible, fix broken deployment on mobile server",DevOps,Medium,arjun,2025-08-23,2025-09-04,13.0,possibl fix broken deploy mobil server
464,Time-sensitive — please handle the probl,Time-sensitive — please handle the problem to support reporting customization,Feature Request,High,vikram,2025-06-30,2025-07-06,5.8,time sensit handl problem support report custom
465,Need to investigate the case explaining ,Need to investigate the case explaining auth setup,Documentation,Medium,priya,2025-10-16,2025-10-29,6.1,need investig case explain auth setup
466,High priority: improve accessibility of ,High priority: improve accessibility of admin form fields,UI/UX,High,priya,2025-01-09,2025-01-17,9.3,high prioriti improv access admin form field
467,Write onboarding guide for notifications,Write onboarding guide for notifications module,Documentation,Low,vikram,2025-05-22,2025-06-14,5.3,write onboard guid notif modul
468,High priority: server-side payment logic,High priority: server-side payment logic fails under checkout,Backend,High,priya,2025-10-26,2025-10-31,10.4,high prioriti server payment logic fail checkout
469,Update API docs for the admin endpoint,Update API docs for the admin endpoint,Documentation,Medium,neha,2025-03-30,2025-04-11,3.3,updat api doc admin endpoint
470,Set up CI/CD pipeline for auth service,Set up CI/CD pipeline for auth service,DevOps,High,rohan,2025-02-10,2025-02-14,12.7,set pipelin auth servic
471,Need to update the case explaining notif,Need to update the case explaining notifications setup,Documentation,High,arjun,2025-01-06,2025-01-13,3.5,need updat case explain notif setup
472,Document deployment steps for mobile env,Document deployment steps for mobile environment,Documentation,Medium,vikram,2025-07-21,2025-08-02,13.0,document deploy step mobil environ
473,High priority: refactor search service t,High priority: refactor search service to reduce latency during peak load,Backend,High,sneha,2025-01-26,2025-02-03,3.5,high prioriti refactor search servic reduc latenc peak load
474,Whenever convenient — docs missing for n,Whenever convenient — docs missing for notifications configuration under peak load,Documentation,Low,priya,2025-07-22,2025-08-14,4.0,conveni doc miss notif configur peak load
475,Server-side user profile logic fails und,Server-side user profile logic fails under checkout,Backend,High,arjun,2025-10-22,2025-10-26,2.0,server user profil logic fail checkout
476,High priority: configure auto-scaling fo,High priority: configure auto-scaling for user profile during peak multiple,DevOps,High,vikram,2025-03-28,2025-04-03,2.6,high prioriti configur auto scale user profil peak multipl
477,Need to address the issue around user pr,Need to address the issue around user profile test failures,Testing,Urgent,neha,2025-07-11,2025-07-13,4.9,need address issu user profil test failur
478,Write unit tests for reporting module,Write unit tests for reporting module,Testing,Low,rohan,2025-06-25,2025-07-14,6.0,write unit test report modul
479,Improve accessibility of auth form field,Improve accessibility of auth form fields,UI/UX,Medium,sneha,2025-03-14,2025-03-23,9.9,improv access auth form field
480,Blocking release — server-side search lo,Blocking release — server-side search logic fails under submit button,DevOps,Urgent,neha,2025-02-04,2025-02-08,4.2,block releas server search logic fail submit button
481,Document deployment steps for monthly en,Document deployment steps for monthly environment,Documentation,Medium,vikram,2025-04-29,2025-05-11,6.6,document deploy step monthli environ
482,"No rush, but configure auto-scaling for ","No rush, but configure auto-scaling for notifications during peak peak load",DevOps,Low,priya,2025-01-12,2025-01-31,5.7,rush configur auto scale notif peak peak load
483,Need to check the issue affecting auth p,Need to check the issue affecting auth performance,Backend,Medium,vikram,2025-06-04,2025-06-14,7.2,need check issu affect auth perform
484,Document deployment steps for peak load ,Document deployment steps for peak load environment,Documentation,Medium,neha,2025-06-24,2025-07-06,2.9,document deploy step peak load environ
485,Low priority — add notification system f,Low priority — add notification system for mobile events,Feature Request,Low,rohan,2025-06-09,2025-07-02,3.2,low prioriti add notif mobil event
486,"When possible, fix alignment issue on us","When possible, fix alignment issue on user profile page for signup screen size",UI/UX,Medium,sneha,2025-09-26,2025-10-06,2.9,possibl fix align issu user profil page signup screen size
487,Whenever convenient — qA found request i,Whenever convenient — qA found request in search during checkout,Testing,Low,neha,2025-06-12,2025-07-02,11.2,conveni request search checkout
488,Data not saving correctly when peak load,Data not saving correctly when peak load is submitted,Bug,Urgent,priya,2025-05-21,2025-05-23,12.8,data save correctli peak load submit
489,Application crashes when monthly is clic,Application crashes when monthly is clicked on the reporting page,Bug,Medium,rohan,2025-04-29,2025-05-08,3.1,applic crash monthli click report page
490,High priority: data not saving correctly,High priority: data not saving correctly when checkout is submitted,Bug,High,priya,2025-09-09,2025-09-16,3.2,high prioriti data save correctli checkout submit
491,Add dark mode support to the notificatio,Add dark mode support to the notifications page,Feature Request,Low,arjun,2025-04-14,2025-05-04,7.9,add dark mode support notif page
492,Please prioritize — add notification sys,Please prioritize — add notification system for monthly events,Feature Request,High,arjun,2025-08-07,2025-08-14,13.7,priorit add notif monthli event
493,Need to investigate the request affectin,Need to investigate the request affecting search performance,Backend,High,neha,2025-10-02,2025-10-10,15.7,need investig request affect search perform
494,Deployment case affecting admin during s,Deployment case affecting admin during submit button,DevOps,Urgent,vikram,2025-05-06,2025-05-11,3.0,deploy case affect admin submit button
495,ASAP — redesign the admin dashboard for ,ASAP — redesign the admin dashboard for better readability,UI/UX,Urgent,priya,2025-05-27,2025-05-31,3.6,asap redesign admin dashboard better readabl
496,Redesign the reporting dashboard for bet,Redesign the reporting dashboard for better readability,UI/UX,Medium,priya,2025-09-14,2025-09-23,6.2,redesign report dashboard better readabl
497,QA found item in admin during checkout,QA found item in admin during checkout,Testing,Medium,arjun,2025-04-14,2025-04-26,6.4,item admin checkout
498,"No rush, but write onboarding guide for ","No rush, but write onboarding guide for auth module",Documentation,Low,neha,2025-02-13,2025-03-08,4.3,rush write onboard guid auth modul
499,High priority: visual inconsistency on u,High priority: visual inconsistency on user profile during mobile,UI/UX,High,priya,2025-10-17,2025-10-22,2.5,high prioriti visual inconsist user profil mobil
500,Write unit tests for search module,Write unit tests for search module,Testing,Low,priya,2025-04-03,2025-04-22,4.9,write unit test search modul
501,Low priority — allow users to filter adm,Low priority — allow users to filter admin by submit button,Feature Request,Low,priya,2025-09-10,2025-09-30,15.7,low prioriti allow user filter admin submit button
502,High priority: need to update the reques,High priority: need to update the request affecting admin performance,Backend,High,neha,2025-05-23,2025-05-31,3.3,high prioriti need updat request affect admin perform
503,High priority: refactor user profile ser,High priority: refactor user profile service to reduce latency during submit button,Backend,High,vikram,2025-01-17,2025-01-25,5.9,high prioriti refactor user profil servic reduc latenc submit button
504,"No rush, but update API docs for the pay","No rush, but update API docs for the payment endpoint",Documentation,Low,priya,2025-10-21,2025-11-13,22.6,rush updat api doc payment endpoint
505,Please prioritize — improve accessibilit,Please prioritize — improve accessibility of payment form fields,UI/UX,High,arjun,2025-08-07,2025-08-15,3.2,priorit improv access payment form field
506,Whenever convenient — update API docs fo,Whenever convenient — update API docs for the notifications endpoint,Documentation,Low,arjun,2025-04-18,2025-05-11,8.1,conveni updat api doc notif endpoint
507,Time-sensitive — unexpected behavior in ,Time-sensitive — unexpected behavior in payment when using mobile,Bug,High,vikram,2025-06-12,2025-06-18,16.1,time sensit unexpect behavior payment use mobil
508,Add caching layer to reporting API,Add caching layer to reporting API,Backend,Urgent,priya,2025-04-03,2025-04-08,7.7,add cach layer report api
509,Fix broken deployment on submit button s,Fix broken deployment on submit button server,DevOps,Medium,sneha,2025-04-17,2025-04-30,10.6,fix broken deploy submit button server
510,Whenever convenient — improve accessibil,Whenever convenient — improve accessibility of notifications form fields,UI/UX,Low,rohan,2025-02-04,2025-02-25,8.9,conveni improv access notif form field
511,Time-sensitive — optimize database query,Time-sensitive — optimize database query for auth table,Backend,High,priya,2025-01-15,2025-01-20,7.2,time sensit optim databas queri auth tabl
512,Need to fix the problem explaining notif,Need to fix the problem explaining notifications setup,Documentation,Medium,sneha,2025-10-02,2025-10-13,12.5,need fix problem explain notif setup
513,Write unit tests for reporting module,Write unit tests for reporting module,Testing,High,priya,2025-10-02,2025-10-06,8.0,write unit test report modul
514,Please prioritize — add caching layer to,Please prioritize — add caching layer to user profile API,Backend,High,vikram,2025-03-26,2025-04-03,4.4,priorit add cach layer user profil api
515,Redesign the notifications dashboard for,Redesign the notifications dashboard for better readability,UI/UX,Low,arjun,2025-05-20,2025-06-11,5.6,redesign notif dashboard better readabl
516,High priority: improve accessibility of ,High priority: improve accessibility of notifications form fields,UI/UX,High,arjun,2025-01-20,2025-01-25,6.6,high prioriti improv access notif form field
517,Please review the item layout for user p,Please review the item layout for user profile,UI/UX,Medium,rohan,2025-09-26,2025-10-07,3.6,review item layout user profil
518,Add dark mode support to the reporting p,Add dark mode support to the reporting page,Feature Request,High,arjun,2025-09-25,2025-09-29,5.8,add dark mode support report page
519,Docs missing for payment configuration u,Docs missing for payment configuration under monthly,Documentation,High,vikram,2025-06-09,2025-06-13,5.2,doc miss payment configur monthli
520,Fix flaky integration test in user profi,Fix flaky integration test in user profile during multiple,Testing,Medium,priya,2025-03-02,2025-03-13,7.9,fix flaki integr test user profil multipl
521,Whenever convenient — add dark mode supp,Whenever convenient — add dark mode support to the reporting page,Feature Request,Low,vikram,2025-03-14,2025-04-04,18.9,conveni add dark mode support report page
522,"No rush, but allow users to filter searc","No rush, but allow users to filter search by mobile",Feature Request,Low,sneha,2025-01-26,2025-02-14,6.0,rush allow user filter search mobil
523,"No rush, but data not saving correctly w","No rush, but data not saving correctly when checkout is submitted",Bug,Low,sneha,2025-10-01,2025-10-20,13.9,rush data save correctli checkout submit
524,"No rush, but need to resolve the problem","No rush, but need to resolve the problem affecting admin performance",Backend,Low,vikram,2025-04-25,2025-05-15,7.7,rush need resolv problem affect admin perform
525,Need to handle the case explaining auth ,Need to handle the case explaining auth setup,Documentation,High,arjun,2025-09-07,2025-09-11,5.8,need handl case explain auth setup
526,Please check the item layout for notific,Please check the item layout for notifications,UI/UX,Low,arjun,2025-03-07,2025-03-30,3.5,check item layout notif
527,Please prioritize — redesign the reporti,Please prioritize — redesign the reporting dashboard for better readability,UI/UX,High,vikram,2025-07-31,2025-08-05,5.8,priorit redesign report dashboard better readabl
528,Add notification system for peak load ev,Add notification system for peak load events,Feature Request,Medium,rohan,2025-08-11,2025-08-24,5.5,add notif peak load event
529,Refactor auth service to reduce latency ,Refactor auth service to reduce latency during signup,Backend,High,vikram,2025-09-07,2025-09-11,2.7,refactor auth servic reduc latenc signup
530,Server-side notifications logic fails un,Server-side notifications logic fails under submit button,DevOps,Medium,sneha,2025-07-14,2025-07-25,3.1,server notif logic fail submit button
531,Set up CI/CD pipeline for notifications ,Set up CI/CD pipeline for notifications service,DevOps,High,neha,2025-01-01,2025-01-06,6.6,set pipelin notif servic
532,Allow users to filter reporting by peak ,Allow users to filter reporting by peak load,Feature Request,Medium,neha,2025-06-05,2025-06-17,13.8,allow user filter report peak load
533,Blocking release — docs missing for repo,Blocking release — docs missing for reporting configuration under submit button,Feature Request,Urgent,rohan,2025-01-01,2025-01-06,4.7,block releas doc miss report configur submit button
534,Blocking release — users report user pro,Blocking release — users report user profile stops responding during submit button,Bug,Urgent,sneha,2025-07-27,2025-07-31,1.2,block releas user report user profil stop respond submit button
535,Refactor user profile service to reduce ,Refactor user profile service to reduce latency during peak load,Backend,Medium,neha,2025-03-20,2025-03-31,2.0,refactor user profil servic reduc latenc peak load
536,Add dark mode support to the payment pag,Add dark mode support to the payment page,Feature Request,Low,priya,2025-03-11,2025-03-30,8.3,add dark mode support payment page
537,ASAP — please investigate the request re,ASAP — please investigate the request related to auth infrastructure,DevOps,Urgent,rohan,2025-08-19,2025-08-23,1.5,asap investig request relat auth infrastructur
538,Please address the case to support repor,Please address the case to support reporting customization,Feature Request,Low,vikram,2025-05-18,2025-06-09,9.2,address case support report custom
539,"When possible, optimize database query f","When possible, optimize database query for admin table",Backend,Medium,sneha,2025-09-27,2025-10-08,8.0,possibl optim databas queri admin tabl
540,Server-side user profile logic fails und,Server-side user profile logic fails under submit button,Backend,Low,vikram,2025-02-09,2025-03-04,4.6,server user profil logic fail submit button
541,Document deployment steps for mobile env,Document deployment steps for mobile environment,Documentation,Medium,rohan,2025-06-19,2025-07-01,2.8,document deploy step mobil environ
542,Fix flaky integration test in auth durin,Fix flaky integration test in auth during submit button,Testing,Medium,priya,2025-08-31,2025-09-13,4.1,fix flaki integr test auth submit button
543,Low priority — add caching layer to auth,Low priority — add caching layer to auth API,Backend,Low,priya,2025-05-23,2025-06-13,6.5,low prioriti add cach layer auth api
544,"When possible, add caching layer to auth","When possible, add caching layer to auth API",Backend,Medium,priya,2025-08-17,2025-08-28,1.6,possibl add cach layer auth api
545,Write onboarding guide for user profile ,Write onboarding guide for user profile module,Documentation,Medium,sneha,2025-03-20,2025-04-01,12.9,write onboard guid user profil modul
546,Need to check the task around auth test ,Need to check the task around auth test failures,DevOps,Medium,priya,2025-03-01,2025-03-10,6.4,need check task auth test failur
547,Improve accessibility of auth form field,Improve accessibility of auth form fields,UI/UX,Medium,sneha,2025-03-16,2025-03-29,7.0,improv access auth form field
548,Users report admin stops responding duri,Users report admin stops responding during peak load,Bug,Medium,sneha,2025-09-30,2025-10-11,7.9,user report admin stop respond peak load
549,ASAP — add caching layer to search API,ASAP — add caching layer to search API,Backend,Urgent,priya,2025-05-04,2025-05-09,12.1,asap add cach layer search api
550,Refactor reporting service to reduce lat,Refactor reporting service to reduce latency during multiple,DevOps,Medium,neha,2025-09-26,2025-10-05,5.8,refactor report servic reduc latenc multipl
551,Improve accessibility of user profile fo,Improve accessibility of user profile form fields,UI/UX,Medium,neha,2025-04-22,2025-05-05,8.3,improv access user profil form field
552,Time-sensitive — application crashes whe,Time-sensitive — application crashes when submit button is clicked on the notifications page,Bug,High,neha,2025-04-05,2025-04-09,2.8,time sensit applic crash submit button click notif page
553,Add notification system for signup event,Add notification system for signup events,Feature Request,Low,priya,2025-06-15,2025-07-06,15.7,add notif signup event
554,"No rush, but write unit tests for admin ","No rush, but write unit tests for admin module",Testing,Low,priya,2025-02-05,2025-02-27,5.5,rush write unit test admin modul
555,Need to investigate the task affecting u,Need to investigate the task affecting user profile performance,Backend,Medium,arjun,2025-05-13,2025-05-22,2.8,need investig task affect user profil perform
556,Unexpected behavior in notifications whe,Unexpected behavior in notifications when using multiple,Bug,Low,neha,2025-01-01,2025-01-20,3.5,unexpect behavior notif use multipl
557,Improve accessibility of reporting form ,Improve accessibility of reporting form fields,UI/UX,Medium,sneha,2025-09-02,2025-09-14,0.7,improv access report form field
558,Write unit tests for user profile module,Write unit tests for user profile module,Testing,High,vikram,2025-09-04,2025-09-08,3.4,write unit test user profil modul
559,URGENT: add caching layer to auth API,URGENT: add caching layer to auth API,Backend,Urgent,sneha,2025-06-24,2025-06-25,0.3,urgent add cach layer auth api
560,Please prioritize — fix flaky integratio,Please prioritize — fix flaky integration test in reporting during checkout,Testing,High,sneha,2025-02-24,2025-03-02,8.7,priorit fix flaki integr test report checkout
561,Critical — data not saving correctly whe,Critical — data not saving correctly when signup is submitted,Bug,Urgent,neha,2025-02-02,2025-02-07,6.8,critic data save correctli signup submit
562,Whenever convenient — need to handle the,Whenever convenient — need to handle the issue explaining payment setup,Feature Request,Low,sneha,2025-04-19,2025-05-12,2.1,conveni need handl issu explain payment setup
563,Critical — deployment issue affecting au,Critical — deployment issue affecting auth during checkout,DevOps,Urgent,vikram,2025-01-10,2025-01-14,4.8,critic deploy issu affect auth checkout
564,Unexpected behavior in payment when usin,Unexpected behavior in payment when using checkout,Bug,Medium,vikram,2025-02-19,2025-03-03,5.0,unexpect behavior payment use checkout
565,Time-sensitive — add dark mode support t,Time-sensitive — add dark mode support to the notifications page,Feature Request,High,rohan,2025-04-14,2025-04-21,1.7,time sensit add dark mode support notif page
566,Need to check the item around payment te,Need to check the item around payment test failures,Testing,High,priya,2025-01-24,2025-02-01,4.2,need check item payment test failur
567,Whenever convenient — document deploymen,Whenever convenient — document deployment steps for checkout environment,Documentation,Low,arjun,2025-05-05,2025-05-28,5.1,conveni document deploy step checkout environ
568,Requesting new option for admin during m,Requesting new option for admin during mobile,Feature Request,Low,arjun,2025-01-04,2025-01-24,4.1,request new option admin mobil
569,High priority: configure auto-scaling fo,High priority: configure auto-scaling for auth during peak peak load,DevOps,High,sneha,2025-09-25,2025-10-02,2.8,high prioriti configur auto scale auth peak peak load
570,High priority: please check the problem ,High priority: please check the problem to support payment customization,Feature Request,High,sneha,2025-06-04,2025-06-10,2.0,high prioriti check problem support payment custom
571,Time-sensitive — login fails with error ,Time-sensitive — login fails with error 500 after submit button attempts,Bug,High,rohan,2025-08-26,2025-08-31,4.0,time sensit login fail error submit button attempt
572,"When possible, users report auth stops r","When possible, users report auth stops responding during checkout",Bug,Medium,rohan,2025-01-28,2025-02-08,3.1,possibl user report auth stop respond checkout
573,Allow users to filter notifications by m,Allow users to filter notifications by mobile,Feature Request,Medium,arjun,2025-04-01,2025-04-11,7.6,allow user filter notif mobil
574,Redesign the auth dashboard for better r,Redesign the auth dashboard for better readability,UI/UX,Medium,arjun,2025-06-16,2025-06-26,12.6,redesign auth dashboard better readabl
575,Write onboarding guide for admin module,Write onboarding guide for admin module,Feature Request,Low,priya,2025-01-28,2025-02-19,9.5,write onboard guid admin modul
576,High priority: add notification system f,High priority: add notification system for checkout events,Feature Request,High,rohan,2025-05-19,2025-05-24,5.2,high prioriti add notif checkout event
577,Please check the issue to support search,Please check the issue to support search customization,Feature Request,Low,priya,2025-03-29,2025-04-19,2.9,check issu support search custom
578,"When possible, docs missing for reportin","When possible, docs missing for reporting configuration under checkout",Documentation,Medium,sneha,2025-04-21,2025-05-04,9.3,possibl doc miss report configur checkout
579,"When possible, write unit tests for admi","When possible, write unit tests for admin module",Testing,Medium,arjun,2025-03-18,2025-03-31,7.9,possibl write unit test admin modul
580,ASAP — redesign the auth dashboard for b,ASAP — redesign the auth dashboard for better readability,UI/UX,Urgent,sneha,2025-02-20,2025-02-24,12.0,asap redesign auth dashboard better readabl
581,"No rush, but add dark mode support to th","No rush, but add dark mode support to the auth page",Feature Request,Low,sneha,2025-02-16,2025-03-07,5.8,rush add dark mode support auth page
582,Please fix the ticket related to reporti,Please fix the ticket related to reporting infrastructure,DevOps,Medium,rohan,2025-07-27,2025-08-06,15.2,fix ticket relat report infrastructur
583,Set up CI/CD pipeline for auth service,Set up CI/CD pipeline for auth service,DevOps,High,sneha,2025-01-17,2025-01-23,5.8,set pipelin auth servic
584,"When possible, qA found case in reportin","When possible, qA found case in reporting during mobile",Testing,Medium,neha,2025-01-29,2025-02-11,2.9,possibl case report mobil
585,Please prioritize — update API docs for ,Please prioritize — update API docs for the search endpoint,Documentation,High,vikram,2025-10-14,2025-10-18,3.4,priorit updat api doc search endpoint
586,Critical — fix broken deployment on mult,Critical — fix broken deployment on multiple server,DevOps,Urgent,rohan,2025-04-26,2025-04-29,7.3,critic fix broken deploy multipl server
587,Need to update the item explaining payme,Need to update the item explaining payment setup,Documentation,Medium,neha,2025-03-04,2025-03-16,3.1,need updat item explain payment setup
588,Time-sensitive — server-side admin logic,Time-sensitive — server-side admin logic fails under multiple,Backend,High,sneha,2025-02-03,2025-02-08,15.1,time sensit server admin logic fail multipl
589,Whenever convenient — login fails with e,Whenever convenient — login fails with error 500 after multiple attempts,Bug,Low,vikram,2025-03-19,2025-04-08,6.9,conveni login fail error multipl attempt
590,"No rush, but please check the ticket rel","No rush, but please check the ticket related to reporting infrastructure",DevOps,Low,priya,2025-01-11,2025-02-01,5.1,rush check ticket relat report infrastructur
591,Whenever convenient — users report notif,Whenever convenient — users report notifications stops responding during checkout,Bug,Low,vikram,2025-06-17,2025-07-09,5.5,conveni user report notif stop respond checkout
592,Please prioritize — deployment request a,Please prioritize — deployment request affecting admin during peak load,DevOps,High,sneha,2025-05-14,2025-05-19,4.1,priorit deploy request affect admin peak load
593,Update API docs for the search endpoint,Update API docs for the search endpoint,Documentation,Urgent,rohan,2025-03-24,2025-03-29,0.9,updat api doc search endpoint
594,URGENT: requesting new option for auth d,URGENT: requesting new option for auth during signup,Feature Request,Urgent,sneha,2025-10-22,2025-10-24,3.4,urgent request new option auth signup
595,"No rush, but write onboarding guide for ","No rush, but write onboarding guide for auth module",Documentation,Low,priya,2025-08-18,2025-09-10,13.9,rush write onboard guid auth modul
596,Optimize database query for admin table,Optimize database query for admin table,Backend,Medium,rohan,2025-10-07,2025-10-20,5.9,optim databas queri admin tabl
597,ASAP — please check the case related to ,ASAP — please check the case related to notifications infrastructure,DevOps,Urgent,arjun,2025-02-27,2025-03-03,10.3,asap check case relat notif infrastructur
598,Add dark mode support to the payment pag,Add dark mode support to the payment page,Feature Request,Medium,arjun,2025-02-17,2025-02-28,10.4,add dark mode support payment page
599,Time-sensitive — server-side user profil,Time-sensitive — server-side user profile logic fails under mobile,Backend,High,sneha,2025-02-14,2025-02-22,4.9,time sensit server user profil logic fail mobil
600,Please fix the problem to support report,Please fix the problem to support reporting customization,Feature Request,Medium,sneha,2025-08-07,2025-08-18,8.0,fix problem support report custom
601,Low priority — document deployment steps,Low priority — document deployment steps for multiple environment,Documentation,Low,sneha,2025-08-16,2025-09-07,1.0,low prioriti document deploy step multipl environ
602,Low priority — need to check the case ex,Low priority — need to check the case explaining admin setup,Documentation,Low,vikram,2025-06-05,2025-06-27,13.2,low prioriti need check case explain admin setup
603,"No rush, but docs missing for admin conf","No rush, but docs missing for admin configuration under monthly",Documentation,Low,neha,2025-10-12,2025-11-03,12.5,rush doc miss admin configur monthli
604,High priority: refactor user profile ser,High priority: refactor user profile service to reduce latency during checkout,Backend,High,rohan,2025-06-04,2025-06-12,7.2,high prioriti refactor user profil servic reduc latenc checkout
605,"When possible, please fix the task layou","When possible, please fix the task layout for payment",UI/UX,Medium,neha,2025-08-30,2025-09-08,6.1,possibl fix task layout payment
606,Blocking release — please review the iss,Blocking release — please review the issue related to admin infrastructure,DevOps,Urgent,neha,2025-02-04,2025-02-09,4.9,block releas review issu relat admin infrastructur
607,"When possible, docs missing for notifica","When possible, docs missing for notifications configuration under peak load",Documentation,Medium,neha,2025-07-11,2025-07-24,11.1,possibl doc miss notif configur peak load
608,Whenever convenient — add caching layer ,Whenever convenient — add caching layer to reporting API,Backend,Low,rohan,2025-03-25,2025-04-13,8.6,conveni add cach layer report api
609,Low priority — document deployment steps,Low priority — document deployment steps for submit button environment,Documentation,Low,vikram,2025-04-04,2025-04-23,3.7,low prioriti document deploy step submit button environ
610,Whenever convenient — increase test cove,Whenever convenient — increase test coverage for search edge cases,Testing,Low,rohan,2025-10-01,2025-10-24,1.8,conveni increas test coverag search edg case
611,"No rush, but fix flaky integration test ","No rush, but fix flaky integration test in search during mobile",Testing,Low,priya,2025-03-25,2025-04-13,1.5,rush fix flaki integr test search mobil
612,Implement export to CSV for reporting re,Implement export to CSV for reporting reports,Feature Request,Medium,sneha,2025-03-09,2025-03-18,11.0,implement export csv report report
613,"No rush, but document deployment steps f","No rush, but document deployment steps for checkout environment",Documentation,Low,neha,2025-06-05,2025-06-24,4.8,rush document deploy step checkout environ
614,Low priority — fix flaky integration tes,Low priority — fix flaky integration test in auth during monthly,Testing,Low,neha,2025-02-10,2025-03-04,7.1,low prioriti fix flaki integr test auth monthli
615,High priority: write unit tests for noti,High priority: write unit tests for notifications module,Testing,High,arjun,2025-09-20,2025-09-28,5.3,high prioriti write unit test notif modul
616,Low priority — improve accessibility of ,Low priority — improve accessibility of payment form fields,UI/UX,Low,priya,2025-04-16,2025-05-09,1.5,low prioriti improv access payment form field
617,Add dark mode support to the user profil,Add dark mode support to the user profile page,Feature Request,Medium,vikram,2025-05-04,2025-05-17,1.1,add dark mode support user profil page
618,"No rush, but need to review the problem ","No rush, but need to review the problem where payment breaks under monthly",Bug,Low,neha,2025-10-03,2025-10-22,3.5,rush need review problem payment break monthli
619,Critical — need to address the item wher,Critical — need to address the item where auth breaks under monthly,Bug,Urgent,rohan,2025-02-24,2025-02-26,3.8,critic need address item auth break monthli
620,Visual inconsistency on admin during che,Visual inconsistency on admin during checkout,UI/UX,Medium,priya,2025-02-26,2025-03-11,3.8,visual inconsist admin checkout
621,High priority: improve accessibility of ,High priority: improve accessibility of auth form fields,UI/UX,High,neha,2025-08-22,2025-08-30,3.9,high prioriti improv access auth form field
622,Need to investigate the item explaining ,Need to investigate the item explaining reporting setup,Documentation,Medium,neha,2025-02-05,2025-02-17,18.1,need investig item explain report setup
623,Whenever convenient — need to investigat,Whenever convenient — need to investigate the ticket explaining payment setup,Documentation,Low,sneha,2025-03-15,2025-04-06,10.1,conveni need investig ticket explain payment setup
624,Set up CI/CD pipeline for user profile s,Set up CI/CD pipeline for user profile service,DevOps,High,priya,2025-07-26,2025-07-30,6.0,set pipelin user profil servic
625,Need to resolve the case around notifica,Need to resolve the case around notifications test failures,Testing,Medium,sneha,2025-07-24,2025-08-04,4.7,need resolv case notif test failur
626,Please resolve the task related to repor,Please resolve the task related to reporting infrastructure,DevOps,High,sneha,2025-05-09,2025-05-16,4.9,resolv task relat report infrastructur
627,"When possible, implement export to CSV f","When possible, implement export to CSV for payment reports",UI/UX,Medium,neha,2025-07-15,2025-07-28,8.4,possibl implement export csv payment report
628,Docs missing for payment configuration u,Docs missing for payment configuration under mobile,Documentation,Low,rohan,2025-08-27,2025-09-16,4.7,doc miss payment configur mobil
629,Deployment case affecting reporting duri,Deployment case affecting reporting during multiple,DevOps,High,arjun,2025-01-17,2025-01-24,9.5,deploy case affect report multipl
630,"When possible, please fix the issue layo","When possible, please fix the issue layout for admin",UI/UX,Medium,sneha,2025-06-05,2025-06-15,6.5,possibl fix issu layout admin
631,Whenever convenient — please update the ,Whenever convenient — please update the request layout for notifications,UI/UX,Low,sneha,2025-10-04,2025-10-27,18.2,conveni updat request layout notif
632,Fix alignment issue on payment page for ,Fix alignment issue on payment page for mobile screen size,UI/UX,Medium,rohan,2025-06-30,2025-07-11,4.5,fix align issu payment page mobil screen size
633,Application crashes when checkout is cli,Application crashes when checkout is clicked on the notifications page,Bug,Low,arjun,2025-06-24,2025-07-16,10.6,applic crash checkout click notif page
634,Improve accessibility of search form fie,Improve accessibility of search form fields,UI/UX,Medium,rohan,2025-02-13,2025-02-22,2.0,improv access search form field
635,Application crashes when mobile is click,Application crashes when mobile is clicked on the search page,Bug,Medium,arjun,2025-08-04,2025-08-15,3.0,applic crash mobil click search page
636,Please prioritize — set up CI/CD pipelin,Please prioritize — set up CI/CD pipeline for admin service,DevOps,High,sneha,2025-04-16,2025-04-22,16.7,priorit set pipelin admin servic
637,Add caching layer to reporting API,Add caching layer to reporting API,Backend,High,priya,2025-02-08,2025-02-16,9.2,add cach layer report api
638,Document deployment steps for mobile env,Document deployment steps for mobile environment,Documentation,Low,vikram,2025-10-24,2025-11-12,7.2,document deploy step mobil environ
639,Low priority — docs missing for reportin,Low priority — docs missing for reporting configuration under monthly,Documentation,Low,rohan,2025-06-04,2025-06-27,21.3,low prioriti doc miss report configur monthli
640,Improve accessibility of admin form fiel,Improve accessibility of admin form fields,UI/UX,Medium,arjun,2025-10-08,2025-10-18,4.8,improv access admin form field
641,Fix broken deployment on mobile server,Fix broken deployment on mobile server,DevOps,Urgent,neha,2025-08-28,2025-08-31,10.6,fix broken deploy mobil server
642,Please prioritize — need to fix the requ,Please prioritize — need to fix the request affecting auth performance,Backend,High,sneha,2025-03-19,2025-03-25,11.2,priorit need fix request affect auth perform
643,Redesign the user profile dashboard for ,Redesign the user profile dashboard for better readability,UI/UX,Medium,priya,2025-05-12,2025-05-25,14.4,redesign user profil dashboard better readabl
644,Fix alignment issue on payment page for ,Fix alignment issue on payment page for checkout screen size,UI/UX,Low,sneha,2025-10-14,2025-11-05,1.7,fix align issu payment page checkout screen size
645,Blocking release — fix broken deployment,Blocking release — fix broken deployment on checkout server,DevOps,Urgent,neha,2025-04-01,2025-04-02,4.8,block releas fix broken deploy checkout server
646,High priority: redesign the payment dash,High priority: redesign the payment dashboard for better readability,UI/UX,High,neha,2025-07-28,2025-08-03,6.4,high prioriti redesign payment dashboard better readabl
647,URGENT: please check the task related to,URGENT: please check the task related to auth infrastructure,DevOps,Urgent,rohan,2025-10-25,2025-10-30,14.2,urgent check task relat auth infrastructur
648,Fix alignment issue on payment page for ,Fix alignment issue on payment page for mobile screen size,UI/UX,High,priya,2025-05-01,2025-05-08,7.0,fix align issu payment page mobil screen size
649,Implement export to CSV for admin report,Implement export to CSV for admin reports,UI/UX,Low,vikram,2025-02-27,2025-03-20,11.2,implement export csv admin report
650,Fix alignment issue on notifications pag,Fix alignment issue on notifications page for multiple screen size,UI/UX,Medium,arjun,2025-01-11,2025-01-24,1.6,fix align issu notif page multipl screen size
651,Please prioritize — write unit tests for,Please prioritize — write unit tests for notifications module,Testing,High,vikram,2025-07-05,2025-07-09,3.9,priorit write unit test notif modul
652,Need to investigate the item around paym,Need to investigate the item around payment test failures,Testing,Medium,neha,2025-03-24,2025-04-05,12.4,need investig item payment test failur
653,Please prioritize — need to resolve the ,Please prioritize — need to resolve the case explaining payment setup,Documentation,High,neha,2025-07-31,2025-08-06,4.4,priorit need resolv case explain payment setup
654,Please prioritize — redesign the user pr,Please prioritize — redesign the user profile dashboard for better readability,UI/UX,High,sneha,2025-10-08,2025-10-14,5.1,priorit redesign user profil dashboard better readabl
655,Whenever convenient — set up CI/CD pipel,Whenever convenient — set up CI/CD pipeline for auth service,DevOps,Low,neha,2025-07-25,2025-08-14,14.1,conveni set pipelin auth servic
656,Update API docs for the user profile end,Update API docs for the user profile endpoint,Documentation,Low,neha,2025-03-08,2025-03-31,2.4,updat api doc user profil endpoint
657,Time-sensitive — improve accessibility o,Time-sensitive — improve accessibility of admin form fields,UI/UX,High,arjun,2025-05-25,2025-05-30,2.9,time sensit improv access admin form field
658,Please review the issue layout for notif,Please review the issue layout for notifications,UI/UX,Medium,sneha,2025-04-28,2025-05-07,1.4,review issu layout notif
659,Low priority — implement export to CSV f,Low priority — implement export to CSV for admin reports,Feature Request,Low,arjun,2025-03-29,2025-04-21,14.4,low prioriti implement export csv admin report
660,High priority: data not saving correctly,High priority: data not saving correctly when monthly is submitted,Bug,High,neha,2025-05-17,2025-05-23,10.0,high prioriti data save correctli monthli submit
661,"When possible, please review the case la","When possible, please review the case layout for user profile",UI/UX,Medium,priya,2025-04-03,2025-04-15,9.8,possibl review case layout user profil
662,"When possible, memory leak detected in r","When possible, memory leak detected in reporting module during checkout",Bug,Medium,sneha,2025-02-13,2025-02-22,3.8,possibl memori leak detect report modul checkout
663,Please prioritize — requesting new optio,Please prioritize — requesting new option for auth during peak load,Feature Request,High,arjun,2025-05-12,2025-05-16,1.3,priorit request new option auth peak load
664,Add caching layer to admin API,Add caching layer to admin API,Backend,Low,rohan,2025-01-24,2025-02-12,1.0,add cach layer admin api
665,Add caching layer to auth API,Add caching layer to auth API,Backend,High,rohan,2025-10-25,2025-10-30,12.5,add cach layer auth api
666,Allow users to filter user profile by pe,Allow users to filter user profile by peak load,Feature Request,Medium,rohan,2025-05-14,2025-05-23,7.5,allow user filter user profil peak load
667,ASAP — data not saving correctly when mo,ASAP — data not saving correctly when monthly is submitted,Bug,Urgent,rohan,2025-05-15,2025-05-20,8.6,asap data save correctli monthli submit
668,Refactor auth service to reduce latency ,Refactor auth service to reduce latency during multiple,Backend,Medium,priya,2025-08-14,2025-08-23,6.2,refactor auth servic reduc latenc multipl
669,Implement export to CSV for admin report,Implement export to CSV for admin reports,Feature Request,Low,sneha,2025-09-11,2025-09-30,2.6,implement export csv admin report
670,Docs missing for admin configuration und,Docs missing for admin configuration under peak load,Documentation,Urgent,arjun,2025-03-05,2025-03-08,4.0,doc miss admin configur peak load
671,Implement export to CSV for user profile,Implement export to CSV for user profile reports,Feature Request,High,vikram,2025-10-26,2025-10-30,2.1,implement export csv user profil report
672,Need to address the problem around user ,Need to address the problem around user profile test failures,Bug,Medium,vikram,2025-07-21,2025-08-01,1.8,need address problem user profil test failur
673,Login fails with error 500 after submit ,Login fails with error 500 after submit button attempts,Bug,Urgent,neha,2025-05-18,2025-05-23,9.5,login fail error submit button attempt
674,Application crashes when signup is click,Application crashes when signup is clicked on the reporting page,Bug,Medium,priya,2025-10-19,2025-10-29,1.1,applic crash signup click report page
675,Whenever convenient — increase test cove,Whenever convenient — increase test coverage for notifications edge cases,Testing,Low,priya,2025-07-24,2025-08-14,2.1,conveni increas test coverag notif edg case
676,ASAP — add notification system for submi,ASAP — add notification system for submit button events,Feature Request,Urgent,rohan,2025-03-20,2025-03-21,4.2,asap add notif submit button event
677,Please prioritize — improve accessibilit,Please prioritize — improve accessibility of reporting form fields,UI/UX,High,sneha,2025-09-08,2025-09-15,5.4,priorit improv access report form field
678,Visual inconsistency on payment during p,Visual inconsistency on payment during peak load,UI/UX,Medium,arjun,2025-08-07,2025-08-16,1.4,visual inconsist payment peak load
679,"When possible, need to check the ticket ","When possible, need to check the ticket affecting user profile performance",Backend,Medium,sneha,2025-05-29,2025-06-10,6.9,possibl need check ticket affect user profil perform
680,Data not saving correctly when multiple ,Data not saving correctly when multiple is submitted,Bug,Urgent,rohan,2025-09-25,2025-09-29,5.9,data save correctli multipl submit
681,Low priority — optimize database query f,Low priority — optimize database query for reporting table,Backend,Low,rohan,2025-10-19,2025-11-09,12.4,low prioriti optim databas queri report tabl
682,Docs missing for payment configuration u,Docs missing for payment configuration under submit button,Documentation,Medium,sneha,2025-01-24,2025-02-02,5.5,doc miss payment configur submit button
683,Deployment request affecting admin durin,Deployment request affecting admin during signup,DevOps,Medium,priya,2025-04-06,2025-04-16,7.4,deploy request affect admin signup
684,High priority: need to update the ticket,High priority: need to update the ticket where notifications breaks under multiple,Bug,High,neha,2025-01-07,2025-01-12,2.7,high prioriti need updat ticket notif break multipl
685,"When possible, please address the item l","When possible, please address the item layout for auth",UI/UX,Medium,arjun,2025-07-22,2025-08-02,2.8,possibl address item layout auth
686,Implement export to CSV for notification,Implement export to CSV for notifications reports,Feature Request,Low,neha,2025-04-18,2025-05-10,1.6,implement export csv notif report
687,Add notification system for monthly even,Add notification system for monthly events,Feature Request,Medium,arjun,2025-08-05,2025-08-14,2.8,add notif monthli event
688,Please prioritize — requesting new optio,Please prioritize — requesting new option for admin during signup,Feature Request,High,vikram,2025-04-14,2025-04-20,3.9,priorit request new option admin signup
689,Write unit tests for payment module,Write unit tests for payment module,Testing,High,neha,2025-08-01,2025-08-08,11.6,write unit test payment modul
690,Time-sensitive — server-side payment log,Time-sensitive — server-side payment logic fails under multiple,Backend,High,neha,2025-09-07,2025-09-12,2.4,time sensit server payment logic fail multipl
691,Data not saving correctly when mobile is,Data not saving correctly when mobile is submitted,Bug,High,sneha,2025-08-31,2025-09-04,18.8,data save correctli mobil submit
692,Critical — add caching layer to auth API,Critical — add caching layer to auth API,Backend,Urgent,vikram,2025-08-13,2025-08-15,7.9,critic add cach layer auth api
693,Requesting new option for reporting duri,Requesting new option for reporting during multiple,Feature Request,Medium,neha,2025-07-19,2025-07-31,6.8,request new option report multipl
694,URGENT: please check the request related,URGENT: please check the request related to notifications infrastructure,DevOps,Urgent,priya,2025-03-08,2025-03-10,5.2,urgent check request relat notif infrastructur
695,"When possible, add dark mode support to ","When possible, add dark mode support to the admin page",UI/UX,Medium,rohan,2025-07-03,2025-07-14,4.5,possibl add dark mode support admin page
696,"When possible, deployment item affecting","When possible, deployment item affecting notifications during submit button",DevOps,Medium,sneha,2025-10-15,2025-10-25,3.1,possibl deploy item affect notif submit button
697,Document deployment steps for monthly en,Document deployment steps for monthly environment,Documentation,Urgent,sneha,2025-02-23,2025-02-24,1.3,document deploy step monthli environ
698,"When possible, write unit tests for noti","When possible, write unit tests for notifications module",Testing,Medium,rohan,2025-03-02,2025-03-12,2.5,possibl write unit test notif modul
699,Requesting new option for notifications ,Requesting new option for notifications during peak load,Feature Request,Medium,priya,2025-07-06,2025-07-17,14.4,request new option notif peak load
700,Data not saving correctly when peak load,Data not saving correctly when peak load is submitted,Bug,Urgent,priya,2025-05-27,2025-06-01,7.5,data save correctli peak load submit
701,Unexpected behavior in admin when using ,Unexpected behavior in admin when using monthly,Bug,Medium,priya,2025-09-29,2025-10-11,14.3,unexpect behavior admin use monthli
702,High priority: add notification system f,High priority: add notification system for peak load events,Feature Request,High,arjun,2025-09-22,2025-09-26,3.1,high prioriti add notif peak load event
703,Whenever convenient — write onboarding g,Whenever convenient — write onboarding guide for payment module,Documentation,Low,neha,2025-10-22,2025-11-10,2.0,conveni write onboard guid payment modul
704,Deployment problem affecting admin durin,Deployment problem affecting admin during multiple,DevOps,Urgent,arjun,2025-06-10,2025-06-13,5.1,deploy problem affect admin multipl
705,"When possible, qA found ticket in user p","When possible, qA found ticket in user profile during mobile",Testing,Medium,neha,2025-08-15,2025-08-26,2.6,possibl ticket user profil mobil
706,Improve accessibility of payment form fi,Improve accessibility of payment form fields,UI/UX,High,vikram,2025-03-06,2025-03-14,6.0,improv access payment form field
707,Low priority — docs missing for search c,Low priority — docs missing for search configuration under mobile,Feature Request,Low,neha,2025-05-04,2025-05-25,1.1,low prioriti doc miss search configur mobil
708,Blocking release — redesign the payment ,Blocking release — redesign the payment dashboard for better readability,UI/UX,Urgent,rohan,2025-03-05,2025-03-09,0.6,block releas redesign payment dashboard better readabl
709,Time-sensitive — need to review the item,Time-sensitive — need to review the item affecting user profile performance,Backend,High,neha,2025-10-21,2025-10-26,6.6,time sensit need review item affect user profil perform
710,Fix alignment issue on search page for s,Fix alignment issue on search page for submit button screen size,UI/UX,Medium,sneha,2025-03-17,2025-03-29,14.7,fix align issu search page submit button screen size
711,Whenever convenient — data not saving co,Whenever convenient — data not saving correctly when checkout is submitted,Bug,Low,sneha,2025-10-14,2025-11-06,6.8,conveni data save correctli checkout submit
712,Need to address the problem around admin,Need to address the problem around admin test failures,Testing,Medium,priya,2025-08-02,2025-08-12,7.5,need address problem admin test failur
713,"No rush, but need to update the problem ","No rush, but need to update the problem affecting auth performance",DevOps,Low,arjun,2025-10-14,2025-11-04,5.3,rush need updat problem affect auth perform
714,URGENT: optimize database query for sear,URGENT: optimize database query for search table,Backend,Urgent,rohan,2025-07-11,2025-07-14,5.7,urgent optim databas queri search tabl
715,Fix alignment issue on notifications pag,Fix alignment issue on notifications page for checkout screen size,UI/UX,Low,priya,2025-05-26,2025-06-15,1.3,fix align issu notif page checkout screen size
716,Write unit tests for reporting module,Write unit tests for reporting module,Testing,High,vikram,2025-10-21,2025-10-27,2.7,write unit test report modul
717,Time-sensitive — please check the case l,Time-sensitive — please check the case layout for notifications,UI/UX,High,priya,2025-08-19,2025-08-26,11.5,time sensit check case layout notif
718,Please prioritize — write unit tests for,Please prioritize — write unit tests for reporting module,Testing,High,neha,2025-01-24,2025-01-31,3.9,priorit write unit test report modul
719,"When possible, write onboarding guide fo","When possible, write onboarding guide for payment module",Documentation,Medium,vikram,2025-04-09,2025-04-22,11.3,possibl write onboard guid payment modul
720,Server-side user profile logic fails und,Server-side user profile logic fails under mobile,Backend,High,arjun,2025-09-30,2025-10-05,5.6,server user profil logic fail mobil
721,Write onboarding guide for auth module,Write onboarding guide for auth module,Documentation,Medium,arjun,2025-07-25,2025-08-07,5.8,write onboard guid auth modul
722,Time-sensitive — redesign the admin dash,Time-sensitive — redesign the admin dashboard for better readability,UI/UX,High,arjun,2025-05-12,2025-05-16,3.9,time sensit redesign admin dashboard better readabl
723,Please prioritize — memory leak detected,Please prioritize — memory leak detected in user profile module during checkout,Bug,High,vikram,2025-03-28,2025-04-01,8.3,priorit memori leak detect user profil modul checkout
724,"No rush, but update API docs for the adm","No rush, but update API docs for the admin endpoint",Documentation,Low,priya,2025-03-03,2025-03-22,9.7,rush updat api doc admin endpoint
725,Please prioritize — please investigate t,Please prioritize — please investigate the issue to support admin customization,Feature Request,High,sneha,2025-07-28,2025-08-01,2.5,priorit investig issu support admin custom
726,Login fails with error 500 after submit ,Login fails with error 500 after submit button attempts,Bug,High,vikram,2025-03-06,2025-03-12,1.4,login fail error submit button attempt
727,Visual inconsistency on notifications du,Visual inconsistency on notifications during checkout,UI/UX,Medium,vikram,2025-10-03,2025-10-15,0.7,visual inconsist notif checkout
728,Please resolve the problem layout for re,Please resolve the problem layout for reporting,Feature Request,Low,rohan,2025-05-20,2025-06-12,7.2,resolv problem layout report
729,Increase test coverage for auth edge cas,Increase test coverage for auth edge cases,Testing,High,vikram,2025-03-24,2025-04-01,6.7,increas test coverag auth edg case
730,Data not saving correctly when signup is,Data not saving correctly when signup is submitted,Bug,Medium,vikram,2025-04-18,2025-05-01,22.2,data save correctli signup submit
731,Increase test coverage for search edge c,Increase test coverage for search edge cases,Testing,Medium,rohan,2025-08-24,2025-09-06,5.3,increas test coverag search edg case
732,Login fails with error 500 after signup ,Login fails with error 500 after signup attempts,Bug,Urgent,neha,2025-07-31,2025-08-05,4.6,login fail error signup attempt
733,Time-sensitive — please update the reque,Time-sensitive — please update the request related to payment infrastructure,DevOps,High,sneha,2025-03-05,2025-03-11,6.1,time sensit updat request relat payment infrastructur
734,High priority: need to fix the issue aro,High priority: need to fix the issue around notifications test failures,Testing,High,rohan,2025-04-24,2025-04-28,6.4,high prioriti need fix issu notif test failur
735,Configure auto-scaling for payment durin,Configure auto-scaling for payment during peak checkout,DevOps,Urgent,arjun,2025-09-10,2025-09-13,4.4,configur auto scale payment peak checkout
736,Low priority — docs missing for payment ,Low priority — docs missing for payment configuration under checkout,Documentation,Low,sneha,2025-10-19,2025-11-11,2.6,low prioriti doc miss payment configur checkout
737,"When possible, requesting new option for","When possible, requesting new option for reporting during signup",UI/UX,Medium,vikram,2025-10-19,2025-10-29,5.1,possibl request new option report signup
738,Blocking release — fix broken deployment,Blocking release — fix broken deployment on monthly server,DevOps,Urgent,sneha,2025-08-21,2025-08-22,5.0,block releas fix broken deploy monthli server
739,Set up CI/CD pipeline for search service,Set up CI/CD pipeline for search service,DevOps,High,sneha,2025-09-23,2025-09-30,4.9,set pipelin search servic
740,Update API docs for the user profile end,Update API docs for the user profile endpoint,Documentation,Medium,sneha,2025-06-11,2025-06-20,8.9,updat api doc user profil endpoint
741,Please review the problem to support pay,Please review the problem to support payment customization,Feature Request,Medium,rohan,2025-04-11,2025-04-21,5.0,review problem support payment custom
742,Whenever convenient — update API docs fo,Whenever convenient — update API docs for the admin endpoint,Documentation,Low,arjun,2025-05-09,2025-05-29,1.4,conveni updat api doc admin endpoint
743,Improve accessibility of payment form fi,Improve accessibility of payment form fields,UI/UX,Low,neha,2025-08-13,2025-09-01,3.0,improv access payment form field
744,Redesign the payment dashboard for bette,Redesign the payment dashboard for better readability,UI/UX,Medium,sneha,2025-03-07,2025-03-16,4.3,redesign payment dashboard better readabl
745,Unexpected behavior in payment when usin,Unexpected behavior in payment when using peak load,Bug,Medium,arjun,2025-07-15,2025-07-27,5.2,unexpect behavior payment use peak load
746,Please prioritize — refactor reporting s,Please prioritize — refactor reporting service to reduce latency during monthly,Backend,High,neha,2025-02-21,2025-02-27,7.3,priorit refactor report servic reduc latenc monthli
747,URGENT: please review the issue related ,URGENT: please review the issue related to search infrastructure,DevOps,Urgent,priya,2025-04-10,2025-04-15,5.3,urgent review issu relat search infrastructur
748,High priority: configure auto-scaling fo,High priority: configure auto-scaling for admin during peak peak load,Testing,High,vikram,2025-10-27,2025-11-03,0.6,high prioriti configur auto scale admin peak peak load
749,Blocking release — configure auto-scalin,Blocking release — configure auto-scaling for reporting during peak mobile,DevOps,Urgent,vikram,2025-01-05,2025-01-10,1.6,block releas configur auto scale report peak mobil
750,High priority: set up CI/CD pipeline for,High priority: set up CI/CD pipeline for reporting service,DevOps,High,rohan,2025-04-14,2025-04-18,7.7,high prioriti set pipelin report servic
751,Requesting new option for admin during s,Requesting new option for admin during signup,Feature Request,Medium,priya,2025-08-03,2025-08-14,4.2,request new option admin signup
752,Time-sensitive — users report admin stop,Time-sensitive — users report admin stops responding during submit button,Bug,High,sneha,2025-04-20,2025-04-25,5.6,time sensit user report admin stop respond submit button
753,URGENT: configure auto-scaling for auth ,URGENT: configure auto-scaling for auth during peak monthly,DevOps,Urgent,arjun,2025-02-07,2025-02-10,3.8,urgent configur auto scale auth peak monthli
754,Add caching layer to user profile API,Add caching layer to user profile API,Backend,Low,priya,2025-05-26,2025-06-15,3.0,add cach layer user profil api
755,Document deployment steps for monthly en,Document deployment steps for monthly environment,Documentation,Medium,neha,2025-02-21,2025-03-02,3.9,document deploy step monthli environ
756,Add dark mode support to the user profil,Add dark mode support to the user profile page,Feature Request,Medium,sneha,2025-09-27,2025-10-10,5.6,add dark mode support user profil page
757,Whenever convenient — fix broken deploym,Whenever convenient — fix broken deployment on checkout server,DevOps,Low,arjun,2025-08-08,2025-08-28,5.0,conveni fix broken deploy checkout server
758,High priority: fix flaky integration tes,High priority: fix flaky integration test in reporting during monthly,DevOps,High,vikram,2025-03-06,2025-03-14,9.7,high prioriti fix flaki integr test report monthli
759,Whenever convenient — redesign the admin,Whenever convenient — redesign the admin dashboard for better readability,UI/UX,Low,vikram,2025-07-11,2025-08-02,1.2,conveni redesign admin dashboard better readabl
760,Improve accessibility of auth form field,Improve accessibility of auth form fields,UI/UX,Low,neha,2025-10-25,2025-11-16,1.4,improv access auth form field
761,Write unit tests for user profile module,Write unit tests for user profile module,Testing,Medium,sneha,2025-06-06,2025-06-18,4.2,write unit test user profil modul
762,Add caching layer to reporting API,Add caching layer to reporting API,Backend,Medium,priya,2025-09-23,2025-10-04,7.4,add cach layer report api
763,"No rush, but server-side search logic fa","No rush, but server-side search logic fails under mobile",Backend,Low,rohan,2025-09-12,2025-10-03,8.6,rush server search logic fail mobil
764,Please update the item layout for search,Please update the item layout for search,UI/UX,Low,vikram,2025-09-14,2025-10-07,3.1,updat item layout search
765,Whenever convenient — configure auto-sca,Whenever convenient — configure auto-scaling for payment during peak checkout,DevOps,Low,rohan,2025-04-11,2025-05-02,0.2,conveni configur auto scale payment peak checkout
766,Document deployment steps for checkout e,Document deployment steps for checkout environment,Documentation,Medium,rohan,2025-05-14,2025-05-23,3.2,document deploy step checkout environ
767,Need to fix the ticket explaining notifi,Need to fix the ticket explaining notifications setup,Documentation,Medium,neha,2025-04-27,2025-05-07,6.7,need fix ticket explain notif setup
768,Fix broken deployment on mobile server,Fix broken deployment on mobile server,DevOps,Medium,priya,2025-02-13,2025-02-24,4.9,fix broken deploy mobil server
769,Please prioritize — please address the c,Please prioritize — please address the case layout for admin,UI/UX,High,neha,2025-03-07,2025-03-13,7.6,priorit address case layout admin
770,Time-sensitive — unexpected behavior in ,Time-sensitive — unexpected behavior in search when using monthly,Bug,High,rohan,2025-10-03,2025-10-09,11.2,time sensit unexpect behavior search use monthli
771,Whenever convenient — optimize database ,Whenever convenient — optimize database query for user profile table,Backend,Low,sneha,2025-10-21,2025-11-12,4.4,conveni optim databas queri user profil tabl
772,Time-sensitive — add dark mode support t,Time-sensitive — add dark mode support to the admin page,Feature Request,High,priya,2025-06-05,2025-06-09,3.5,time sensit add dark mode support admin page
773,High priority: login fails with error 50,High priority: login fails with error 500 after submit button attempts,Bug,High,priya,2025-07-17,2025-07-23,2.3,high prioriti login fail error submit button attempt
774,Low priority — please fix the item to su,Low priority — please fix the item to support admin customization,Feature Request,Low,priya,2025-07-30,2025-08-21,1.3,low prioriti fix item support admin custom
775,Data not saving correctly when peak load,Data not saving correctly when peak load is submitted,Bug,Medium,rohan,2025-03-08,2025-03-18,1.0,data save correctli peak load submit
776,Time-sensitive — please resolve the requ,Time-sensitive — please resolve the request layout for reporting,UI/UX,High,arjun,2025-05-22,2025-05-27,2.8,time sensit resolv request layout report
777,"When possible, add notification system f","When possible, add notification system for mobile events",Feature Request,Medium,vikram,2025-08-24,2025-09-05,10.2,possibl add notif mobil event
778,Memory leak detected in admin module dur,Memory leak detected in admin module during signup,Bug,High,priya,2025-07-20,2025-07-28,8.1,memori leak detect admin modul signup
779,Visual inconsistency on admin during sig,Visual inconsistency on admin during signup,UI/UX,Low,sneha,2025-10-19,2025-11-07,3.3,visual inconsist admin signup
780,URGENT: fix broken deployment on monthly,URGENT: fix broken deployment on monthly server,DevOps,Urgent,sneha,2025-04-22,2025-04-26,18.9,urgent fix broken deploy monthli server
781,Increase test coverage for notifications,Increase test coverage for notifications edge cases,Testing,Medium,rohan,2025-08-19,2025-08-29,3.0,increas test coverag notif edg case
782,Add notification system for submit butto,Add notification system for submit button events,Feature Request,Medium,arjun,2025-07-23,2025-08-01,11.9,add notif submit button event
783,Low priority — write onboarding guide fo,Low priority — write onboarding guide for auth module,Documentation,Low,priya,2025-05-05,2025-05-27,13.8,low prioriti write onboard guid auth modul
784,Please prioritize — fix alignment issue ,Please prioritize — fix alignment issue on notifications page for checkout screen size,UI/UX,High,arjun,2025-07-20,2025-07-25,7.0,priorit fix align issu notif page checkout screen size
785,URGENT: configure auto-scaling for admin,URGENT: configure auto-scaling for admin during peak checkout,DevOps,Urgent,sneha,2025-09-30,2025-10-02,2.8,urgent configur auto scale admin peak checkout
786,"No rush, but deployment ticket affecting","No rush, but deployment ticket affecting auth during signup",Backend,Low,priya,2025-01-25,2025-02-16,3.7,rush deploy ticket affect auth signup
787,Implement export to CSV for payment repo,Implement export to CSV for payment reports,Feature Request,Medium,priya,2025-04-09,2025-04-18,5.7,implement export csv payment report
788,URGENT: users report user profile stops ,URGENT: users report user profile stops responding during signup,Bug,Urgent,neha,2025-06-15,2025-06-20,1.4,urgent user report user profil stop respond signup
789,Please update the task to support admin ,Please update the task to support admin customization,Feature Request,Medium,neha,2025-01-08,2025-01-20,2.1,updat task support admin custom
790,Write onboarding guide for user profile ,Write onboarding guide for user profile module,Documentation,Low,arjun,2025-07-08,2025-07-27,1.9,write onboard guid user profil modul
791,Please check the item to support payment,Please check the item to support payment customization,Feature Request,Medium,rohan,2025-07-18,2025-07-28,7.4,check item support payment custom
792,"When possible, requesting new option for","When possible, requesting new option for notifications during multiple",Feature Request,Medium,vikram,2025-08-18,2025-08-30,11.1,possibl request new option notif multipl
793,URGENT: deployment task affecting auth d,URGENT: deployment task affecting auth during mobile,DevOps,Urgent,vikram,2025-08-08,2025-08-10,8.3,urgent deploy task affect auth mobil
794,Whenever convenient — memory leak detect,Whenever convenient — memory leak detected in search module during peak load,Testing,Low,rohan,2025-06-18,2025-07-08,9.9,conveni memori leak detect search modul peak load
795,Update API docs for the notifications en,Update API docs for the notifications endpoint,Documentation,Medium,rohan,2025-04-28,2025-05-09,2.6,updat api doc notif endpoint
796,Add dark mode support to the user profil,Add dark mode support to the user profile page,Feature Request,Low,neha,2025-04-04,2025-04-26,3.9,add dark mode support user profil page
797,Data not saving correctly when submit bu,Data not saving correctly when submit button is submitted,Bug,Low,priya,2025-03-06,2025-03-25,4.1,data save correctli submit button submit
798,Refactor reporting service to reduce lat,Refactor reporting service to reduce latency during checkout,Backend,High,sneha,2025-04-12,2025-04-17,7.0,refactor report servic reduc latenc checkout
799,Allow users to filter reporting by multi,Allow users to filter reporting by multiple,Feature Request,Medium,sneha,2025-07-04,2025-07-16,2.9,allow user filter report multipl
800,Add notification system for mobile event,Add notification system for mobile events,UI/UX,Medium,rohan,2025-08-07,2025-08-16,9.5,add notif mobil event
